time,agent,model,iteration,total_iterations,progress_pct,best_acc,conv_reference_best,gap_to_reference,status,log_path
2026-07-06T14:07:18,2,vgg,699,10000,6.99,64.5000,70.2000,5.7000,ok,logs/hetero4arch_ipc50/queue_20260706_122103.log
2026-07-06T14:12:18,2,vgg,699,10000,6.99,64.5000,70.2000,5.7000,ok,logs/hetero4arch_ipc50/queue_20260706_122103.log
2026-07-06T14:17:18,2,vgg,699,10000,6.99,64.5000,70.2000,5.7000,ok,logs/hetero4arch_ipc50/queue_20260706_122103.log
2026-07-06T14:22:18,2,vgg,799,10000,7.99,64.5000,70.2000,5.7000,ok,logs/hetero4arch_ipc50/queue_20260706_122103.log
2026-07-06T14:27:18,2,vgg,799,10000,7.99,64.5000,70.2000,5.7000,ok,logs/hetero4arch_ipc50/queue_20260706_122103.log
2026-07-06T14:32:18,2,vgg,799,10000,7.99,64.5000,70.2000,5.7000,ok,logs/hetero4arch_ipc50/queue_20260706_122103.log
2026-07-06T14:37:18,2,vgg,799,10000,7.99,64.5000,70.2000,5.7000,ok,logs/hetero4arch_ipc50/queue_20260706_122103.log
2026-07-06T14:42:18,2,vgg,899,10000,8.99,64.5000,70.2000,5.7000,ok,logs/hetero4arch_ipc50/queue_20260706_122103.log
2026-07-06T14:47:18,2,vgg,899,10000,8.99,64.5000,70.2000,5.7000,ok,logs/hetero4arch_ipc50/queue_20260706_122103.log
2026-07-06T14:52:19,2,vgg,899,10000,8.99,64.5000,70.2000,5.7000,ok,logs/hetero4arch_ipc50/queue_20260706_122103.log
2026-07-06T14:57:19,2,vgg,999,10000,9.99,64.5000,70.2000,5.7000,ok,logs/hetero4arch_ipc50/queue_20260706_122103.log
2026-07-06T15:02:19,2,vgg,999,10000,9.99,64.5000,70.2000,5.7000,ok,logs/hetero4arch_ipc50/queue_20260706_122103.log
2026-07-06T15:07:19,2,vgg,999,10000,9.99,64.5000,70.2000,5.7000,ok,logs/hetero4arch_ipc50/queue_20260706_122103.log
2026-07-06T15:12:19,2,vgg,999,10000,9.99,64.5000,70.2000,5.7000,ok,logs/hetero4arch_ipc50/queue_20260706_122103.log
2026-07-06T15:17:19,2,vgg,1099,10000,10.99,64.5000,70.2000,5.7000,ok,logs/hetero4arch_ipc50/queue_20260706_122103.log
2026-07-06T15:22:19,2,vgg,1099,10000,10.99,64.5000,70.2000,5.7000,ok,logs/hetero4arch_ipc50/queue_20260706_122103.log
2026-07-06T15:27:19,2,vgg,1099,10000,10.99,64.5000,70.2000,5.7000,ok,logs/hetero4arch_ipc50/queue_20260706_122103.log
2026-07-06T15:32:19,2,vgg,1199,10000,11.99,64.5000,70.2000,5.7000,ok,logs/hetero4arch_ipc50/queue_20260706_122103.log
2026-07-06T15:37:19,2,vgg,1199,10000,11.99,64.5000,70.2000,5.7000,ok,logs/hetero4arch_ipc50/queue_20260706_122103.log
2026-07-06T15:42:19,2,vgg,1199,10000,11.99,64.5000,70.2000,5.7000,ok,logs/hetero4arch_ipc50/queue_20260706_122103.log
2026-07-06T15:47:19,2,vgg,1199,10000,11.99,64.5000,70.2000,5.7000,ok,logs/hetero4arch_ipc50/queue_20260706_122103.log
2026-07-06T15:52:19,2,vgg,1298,10000,12.98,64.5000,70.2000,5.7000,ok,logs/hetero4arch_ipc50/queue_20260706_122103.log
2026-07-06T15:57:19,2,vgg,1298,10000,12.98,64.5000,70.2000,5.7000,ok,logs/hetero4arch_ipc50/queue_20260706_122103.log
2026-07-06T16:02:20,2,vgg,1298,10000,12.98,64.5000,70.2000,5.7000,ok,logs/hetero4arch_ipc50/queue_20260706_122103.log
2026-07-06T16:07:20,2,vgg,1298,10000,12.98,64.5000,70.2000,5.7000,ok,logs/hetero4arch_ipc50/queue_20260706_122103.log
2026-07-06T16:12:20,2,vgg,1399,10000,13.99,64.5000,70.2000,5.7000,ok,logs/hetero4arch_ipc50/queue_20260706_122103.log
2026-07-06T16:17:20,2,vgg,1399,10000,13.99,64.5000,70.2000,5.7000,ok,logs/hetero4arch_ipc50/queue_20260706_122103.log
2026-07-06T16:22:20,2,vgg,1399,10000,13.99,64.5000,70.2000,5.7000,ok,logs/hetero4arch_ipc50/queue_20260706_122103.log
2026-07-06T16:27:20,2,vgg,1497,10000,14.97,64.5000,70.2000,5.7000,ok,logs/hetero4arch_ipc50/queue_20260706_122103.log
2026-07-06T16:32:20,2,vgg,1497,10000,14.97,64.5000,70.2000,5.7000,ok,logs/hetero4arch_ipc50/queue_20260706_122103.log
2026-07-06T16:37:20,2,vgg,1497,10000,14.97,64.5000,70.2000,5.7000,ok,logs/hetero4arch_ipc50/queue_20260706_122103.log
2026-07-06T16:42:20,2,vgg,1497,10000,14.97,64.5000,70.2000,5.7000,ok,logs/hetero4arch_ipc50/queue_20260706_122103.log
2026-07-06T16:47:20,2,vgg,1599,10000,15.99,64.5000,70.2000,5.7000,ok,logs/hetero4arch_ipc50/queue_20260706_122103.log
2026-07-06T16:52:20,2,vgg,1599,10000,15.99,64.5000,70.2000,5.7000,ok,logs/hetero4arch_ipc50/queue_20260706_122103.log
2026-07-06T16:57:20,2,vgg,1599,10000,15.99,64.5000,70.2000,5.7000,ok,logs/hetero4arch_ipc50/queue_20260706_122103.log
2026-07-06T17:02:21,2,vgg,1599,10000,15.99,64.5000,70.2000,5.7000,ok,logs/hetero4arch_ipc50/queue_20260706_122103.log
2026-07-06T17:07:21,2,vgg,1699,10000,16.99,64.5000,70.2000,5.7000,ok,logs/hetero4arch_ipc50/queue_20260706_122103.log
2026-07-06T17:12:21,2,vgg,1699,10000,16.99,64.5000,70.2000,5.7000,ok,logs/hetero4arch_ipc50/queue_20260706_122103.log
2026-07-06T17:17:21,2,vgg,1699,10000,16.99,64.5000,70.2000,5.7000,ok,logs/hetero4arch_ipc50/queue_20260706_122103.log
2026-07-06T17:22:21,2,vgg,1799,10000,17.99,64.5000,70.2000,5.7000,ok,logs/hetero4arch_ipc50/queue_20260706_122103.log
2026-07-06T17:27:21,2,vgg,1799,10000,17.99,64.5000,70.2000,5.7000,ok,logs/hetero4arch_ipc50/queue_20260706_122103.log
2026-07-06T17:32:21,2,vgg,1799,10000,17.99,64.5000,70.2000,5.7000,ok,logs/hetero4arch_ipc50/queue_20260706_122103.log
2026-07-06T17:37:21,2,vgg,1799,10000,17.99,64.5000,70.2000,5.7000,ok,logs/hetero4arch_ipc50/queue_20260706_122103.log
2026-07-06T17:42:21,2,vgg,1899,10000,18.99,64.5000,70.2000,5.7000,ok,logs/hetero4arch_ipc50/queue_20260706_122103.log
2026-07-06T17:47:21,2,vgg,1899,10000,18.99,64.5000,70.2000,5.7000,ok,logs/hetero4arch_ipc50/queue_20260706_122103.log
2026-07-06T17:52:21,2,vgg,1899,10000,18.99,64.5000,70.2000,5.7000,ok,logs/hetero4arch_ipc50/queue_20260706_122103.log
2026-07-06T17:57:21,2,vgg,1959,10000,19.59,64.5000,70.2000,5.7000,ok,logs/hetero4arch_ipc50/queue_20260706_122103.log
2026-07-06T18:02:21,2,vgg,1998,10000,19.98,64.5000,70.2000,5.7000,ok,logs/hetero4arch_ipc50/queue_20260706_122103.log
2026-07-06T18:07:21,2,vgg,1998,10000,19.98,64.5000,70.2000,5.7000,ok,logs/hetero4arch_ipc50/queue_20260706_122103.log
2026-07-06T18:12:21,2,vgg,1998,10000,19.98,64.5000,70.2000,5.7000,ok,logs/hetero4arch_ipc50/queue_20260706_122103.log
2026-07-06T18:17:22,2,vgg,2099,10000,20.99,64.5000,70.2000,5.7000,ok,logs/hetero4arch_ipc50/queue_20260706_122103.log
2026-07-06T18:22:22,2,vgg,2099,10000,20.99,64.5000,70.2000,5.7000,ok,logs/hetero4arch_ipc50/queue_20260706_122103.log
2026-07-06T18:27:22,2,vgg,2099,10000,20.99,64.5000,70.2000,5.7000,ok,logs/hetero4arch_ipc50/queue_20260706_122103.log
2026-07-06T18:32:22,2,vgg,2099,10000,20.99,64.5000,70.2000,5.7000,ok,logs/hetero4arch_ipc50/queue_20260706_122103.log
2026-07-06T18:37:22,2,vgg,2199,10000,21.99,64.5000,70.2000,5.7000,ok,logs/hetero4arch_ipc50/queue_20260706_122103.log
2026-07-06T18:42:22,2,vgg,2199,10000,21.99,64.5000,70.2000,5.7000,ok,logs/hetero4arch_ipc50/queue_20260706_122103.log
2026-07-06T18:47:22,2,vgg,2199,10000,21.99,64.5000,70.2000,5.7000,ok,logs/hetero4arch_ipc50/queue_20260706_122103.log
2026-07-06T18:52:22,2,vgg,2298,10000,22.98,64.5000,70.2000,5.7000,ok,logs/hetero4arch_ipc50/queue_20260706_122103.log
2026-07-06T18:57:22,2,vgg,2298,10000,22.98,64.5000,70.2000,5.7000,ok,logs/hetero4arch_ipc50/queue_20260706_122103.log
2026-07-06T19:02:22,2,vgg,2298,10000,22.98,64.5000,70.2000,5.7000,ok,logs/hetero4arch_ipc50/queue_20260706_122103.log
