run_name,method,packet_method,init_mode,use_logits,use_generalist_logits,communication_mode,ipc,registry_source,num_agents,mean_ipc,mean_self_real_images,mean_external_comm_images,mean_external_comm_logit_bytes,mean_external_comm_generalist_logit_bytes,mean_acc_global_before,mean_acc_expert_before,mean_acc_global_after,mean_acc_expert_after,mean_acc_new_after,mean_forgetting,mean_loss_cls,mean_loss_fr,mean_loss_kd,mean_loss_sender_kd,mean_loss_generalist_kd
cifar100_4agent_25cls_conv_family_ablation_fr010_kd025_ep500,DSDM_LOGIT,dsdm,expert,true,false,direct,10,pipeline_social_results,4,10,,750,150000,0,16.785,67.14,31.4675,40.64,28.41,26.5,0.0377215,0.126745,0.155263,0.155263,0
cifar100_4agent_25cls_conv_family_ablation_fr010_kd050_ep200,DSDM_LOGIT,dsdm,expert,true,false,direct,10,pipeline_social_results,4,10,,750,150000,0,16.785,67.14,32.68,42.34,29.46,24.8,0.0421247,0.195271,0.108381,0.108381,0
cifar100_4agent_25cls_conv_family_ablation_fr010_kd050_ep500,DSDM_LOGIT,dsdm,expert,true,false,direct,10,pipeline_social_results,4,10,,750,150000,0,16.785,67.14,32.255,41.2,29.2733,25.94,0.0483357,0.154096,0.110853,0.110853,0
cifar100_4agent_25cls_conv_family_ablation_fr020_kd025_ep500,DSDM_LOGIT,dsdm,expert,true,false,direct,10,pipeline_social_results,4,10,,750,150000,0,16.785,67.14,31.5675,40.69,28.5267,26.45,0.0315173,0.163261,0.118411,0.118411,0
cifar100_4agent_25cls_conv_family_ablation_fr020_kd050_ep200,DSDM_LOGIT,dsdm,expert,true,false,direct,10,pipeline_social_results,4,10,,750,150000,0,16.785,67.14,32.77,42.63,29.4833,24.51,0.073698,0.12277,0.142518,0.142518,0
cifar100_4agent_25cls_conv_family_ablation_fr020_kd050_ep500,DSDM_LOGIT,dsdm,expert,true,false,direct,10,pipeline_social_results,4,10,,750,150000,0,16.785,67.14,31.73,40.73,28.73,26.41,0.0482924,0.107831,0.0848575,0.0848575,0
cifar100_4agent_25cls_conv_family_ablation_fr050_kd050_ep500,DSDM_LOGIT,dsdm,expert,true,false,direct,10,pipeline_social_results,4,10,,750,150000,0,16.785,67.14,31.77,39.38,29.2333,27.76,0.0549262,0.115528,0.086017,0.086017,0
cifar100_4agent_25cls_conv_family_ipc10,DSDM,dsdm,expert,false,,,10,pipeline_social_results,4,10,,750,0,,16.785,67.14,28.415,40.48,24.3933,26.66,0.0100738,0.242501,0,,
cifar100_4agent_25cls_conv_family_ipc10,DSDM_LOGIT,dsdm,expert,true,,,10,pipeline_social_results,4,10,,750,150000,,16.785,67.14,32.3025,40.06,29.7167,27.08,0.0360693,0.284964,0.0670194,,
cifar100_4agent_25cls_conv_family_ipc10,FULL_REAL,full_real,expert,false,,,10,pipeline_social_results,4,10,,37500,0,,16.785,67.14,48.5975,51.05,47.78,16.09,0.109339,2.05365,0,,
cifar100_4agent_25cls_conv_family_ipc10,HEURISTIC,heuristic,expert,false,,,10,pipeline_social_results,4,10,,750,0,,16.785,67.14,23.4575,52.03,13.9333,15.11,0.00648126,0.0349394,0,,
cifar100_4agent_25cls_conv_family_ipc50,DSDM_LOGIT,dsdm,expert,true,false,direct,50,pipeline_social_results,4,50,,3750,750000,0,16.785,67.14,41.875,47.04,40.1533,20.1,0.0733181,0.67349,0.169452,0.169452,0
cifar100_4agent_25cls_conv_family_ipc50_lastfeat,DSDM_LOGIT,dsdm,expert,true,false,direct,50,pipeline_social_results,1,50,,3750,750000,0,15.99,63.96,40.44,43.4,39.4533,20.56,0.0865712,1.58458,0.255432,0.255432,0
cifar100_4agent_25cls_conv_family_packet_generalist,DSDM_PACKET_GENERALIST,dsdm,expert,true,true,packet_generalist,10,pipeline_social_results,4,10,,750,150000,600000,16.785,67.14,32.0025,37.35,30.22,29.79,0.030861,0.217657,0.102254,0.106345,0.0981629
cifar100_4agent_25cls_conv_family_recipe_dsdm_image_fr020_ep200,DSDM,dsdm,expert,false,false,direct,10,pipeline_social_results,4,10,,750,0,0,16.785,67.14,30.4725,42.68,26.4033,24.46,0.0155194,0.12692,0,0,0
cifar100_4agent_25cls_conv_family_recipe_dsdm_logit_fr020_ep200,DSDM_LOGIT,dsdm,expert,true,false,direct,10,pipeline_social_results,4,10,,750,150000,0,16.785,67.14,32.8675,42.4,29.69,24.74,0.0326283,0.0980915,0.0759576,0.0759576,0
cifar100_4agent_25cls_conv_family_recipe_heuristic_image_fr020_ep200,HEURISTIC,heuristic,expert,false,false,direct,10,pipeline_social_results,4,10,,750,0,0,16.785,67.14,24.075,53.18,14.3733,13.96,0.011576,0.0207848,0,0,0
cifar100_4agent_25cls_conv_family_tuning_A_ep100_fr020_kd050,DSDM_LOGIT,dsdm,expert,true,false,direct,10,pipeline_social_results,4,10,,750,150000,0,16.785,67.14,33.575,44.03,30.09,23.11,0.0561177,0.101099,0.102763,0.102763,0
cifar100_4agent_25cls_conv_family_tuning_B_ep150_fr020_kd050,DSDM_LOGIT,dsdm,expert,true,false,direct,10,pipeline_social_results,4,10,,750,150000,0,16.785,67.14,33.0275,43.39,29.5733,23.75,0.0471268,0.145884,0.120451,0.120451,0
cifar100_4agent_25cls_conv_family_tuning_C_ep250_fr020_kd050,DSDM_LOGIT,dsdm,expert,true,false,direct,10,pipeline_social_results,4,10,,750,150000,0,16.785,67.14,32.4625,42.02,29.2767,25.12,0.0439499,0.11916,0.0846211,0.0846211,0
cifar100_4agent_25cls_conv_family_tuning_D_ep300_fr020_kd050,DSDM_LOGIT,dsdm,expert,true,false,direct,10,pipeline_social_results,4,10,,750,150000,0,16.785,67.14,32.345,41.99,29.13,25.15,0.0520619,0.112106,0.106342,0.106342,0
cifar100_4agent_25cls_conv_family_tuning_E_ep200_fr015_kd050,DSDM_LOGIT,dsdm,expert,true,false,direct,10,pipeline_social_results,4,10,,750,150000,0,16.785,67.14,32.82,42.16,29.7067,24.98,0.0558618,0.124244,0.115604,0.115604,0
cifar100_4agent_25cls_conv_family_tuning_F_ep200_fr025_kd050,DSDM_LOGIT,dsdm,expert,true,false,direct,10,pipeline_social_results,4,10,,750,150000,0,16.785,67.14,32.885,43.14,29.4667,24,0.0638785,0.14368,0.0973194,0.0973194,0
cifar100_4agent_25cls_conv_family_tuning_G_ep200_fr020_kd060,DSDM_LOGIT,dsdm,expert,true,false,direct,10,pipeline_social_results,4,10,,750,150000,0,16.785,67.14,32.6675,42.55,29.3733,24.59,0.0423111,0.152359,0.0839933,0.0839933,0
cifar100_4agent_25cls_conv_family_tuning_H_ep200_fr020_kd075,DSDM_LOGIT,dsdm,expert,true,false,direct,10,pipeline_social_results,4,10,,750,150000,0,16.785,67.14,32.985,42.31,29.8767,24.83,0.0522663,0.0989067,0.0791153,0.0791153,0
cifar100_4agent_25cls_hetero4arch_ipc10,DSDM_LOGIT,dsdm,expert,true,false,direct,10,pipeline_social_results,4,10,,750,150000,0,17.055,68.22,30.75,39.13,27.9567,29.09,0.0816896,0.588677,0.405138,0.405138,0
cifar100_4agent_25cls_hetero4arch_ipc10,HEURISTIC_LOGIT,heuristic,expert,true,false,direct,10,pipeline_social_results,4,10,,750,37500,0,17.055,68.22,26.255,40.59,21.4767,27.63,0.0562248,0.789247,0.410047,0.410047,0
cifar100_4agent_25cls_hetero4arch_ipc10_guardian_alex_dense_ep60_lr0p01_fr0p25_kd0p5_t3p0,DSDM_LOGIT,dsdm,expert,true,false,direct,10,pipeline_social_results,1,10,,750,150000,0,17.77,71.08,31.83,47.48,26.6133,23.6,0.0744247,3.53766,0.585283,0.585283,0
cifar100_4agent_25cls_hetero4arch_ipc10_guardian_alex_dense_ep60_lr0p01_fr0p25_kd0p5_t4p0,DSDM_LOGIT,dsdm,expert,true,false,direct,10,pipeline_social_results,5,10,,750,150000,0,17.77,71.08,32.306,47.496,27.2427,23.584,0.0813071,1.12218,0.781199,0.781199,0
cifar100_4agent_25cls_hetero4arch_ipc10_guardian_alex_g3_ep090_fr020_kd060_t3_sched,DSDM_LOGIT,dsdm,expert,true,false,direct,10,pipeline_social_results,1,10,,750,150000,0,17.77,71.08,32.58,49.2,27.04,21.88,0.042721,0.680698,0.373072,0.373072,0
cifar100_4agent_25cls_hetero4arch_ipc10_guardian_alex_g3_fr020_kd060_t3_sched_self20,DSDM_LOGIT,dsdm,expert,true,false,direct,10,pipeline_social_results,1,10,,750,150000,0,17.77,71.08,32.44,51.44,26.1067,19.64,0.0373208,0.761622,0.51005,0.51005,0
cifar100_4agent_25cls_hetero4arch_ipc10_guardian_alex_g3_fr020_kd070_t4_sched,DSDM_LOGIT,dsdm,expert,true,false,direct,10,pipeline_social_results,1,10,,750,150000,0,17.77,71.08,33.03,47.4,28.24,23.68,0.0729119,1.16707,0.486986,0.486986,0
cifar100_4agent_25cls_hetero4arch_ipc10_guardian_alex_g3_fr020_kd080_t3_sched,DSDM_LOGIT,dsdm,expert,true,false,direct,10,pipeline_social_results,1,10,,750,150000,0,17.77,71.08,32.55,47.96,27.4133,23.12,0.0426868,1.21091,0.39105,0.39105,0
cifar100_4agent_25cls_hetero4arch_ipc10_guardian_alex_g3_fr025_kd070_t3_sched_self15,DSDM_LOGIT,dsdm,expert,true,false,direct,10,pipeline_social_results,1,10,,750,150000,0,17.77,71.08,32.67,49,27.2267,22.08,0.0360624,0.756792,0.432391,0.432391,0
cifar100_4agent_25cls_hetero4arch_ipc10_guardian_alex_g3_fr030_kd060_t3_sched,DSDM_LOGIT,dsdm,expert,true,false,direct,10,pipeline_social_results,1,10,,750,150000,0,17.77,71.08,32.54,49,27.0533,22.08,0.139889,0.722448,0.548234,0.548234,0
cifar100_4agent_25cls_hetero4arch_ipc10_guardian_vgg_dense_ep60_lr0p01_fr0p25_kd0p3_t3p0_self2p5,DSDM_LOGIT,dsdm,expert,true,false,direct,10,pipeline_social_results,1,10,,750,150000,0,16.08,64.32,24.75,19.52,26.4933,44.8,0.042435,0.64784,0.877978,0.877978,0
cifar100_4agent_25cls_hetero4arch_ipc10_guardian_vgg_dense_ep60_lr0p01_fr0p25_kd0p3_t3p0_self3p0,DSDM_LOGIT,dsdm,expert,true,false,direct,10,pipeline_social_results,1,10,,750,150000,0,16.08,64.32,24.84,20,26.4533,44.32,0.102772,0.694307,0.991087,0.991087,0
cifar100_4agent_25cls_hetero4arch_ipc10_guardian_vgg_dense_ep60_lr0p01_fr0p25_kd0p3_t3p0_self4p0,DSDM_LOGIT,dsdm,expert,true,false,direct,10,pipeline_social_results,1,10,,750,150000,0,16.08,64.32,24.97,20.56,26.44,43.76,0.0601226,0.955711,0.889577,0.889577,0
cifar100_4agent_25cls_hetero4arch_ipc10_guardian_vgg_dense_ep60_lr0p01_fr0p25_kd0p3_t4p0_self2p5,DSDM_LOGIT,dsdm,expert,true,false,direct,10,pipeline_social_results,1,10,,750,150000,0,16.08,64.32,25.3,19.88,27.1067,44.44,0.0376777,0.623604,0.943883,0.943883,0
cifar100_4agent_25cls_hetero4arch_ipc10_guardian_vgg_dense_ep60_lr0p01_fr0p25_kd0p3_t4p0_self3p0,DSDM_LOGIT,dsdm,expert,true,false,direct,10,pipeline_social_results,1,10,,750,150000,0,16.08,64.32,25.11,19,27.1467,45.32,0.039741,0.703715,1.09947,1.09947,0
cifar100_4agent_25cls_hetero4arch_ipc10_guardian_vgg_dense_ep60_lr0p01_fr0p25_kd0p3_t4p0_self4p0,DSDM_LOGIT,dsdm,expert,true,false,direct,10,pipeline_social_results,1,10,,750,150000,0,16.08,64.32,25.19,20.08,26.8933,44.24,0.0603893,0.650902,0.884243,0.884243,0
cifar100_4agent_25cls_hetero4arch_ipc10_guardian_vgg_dense_ep60_lr0p01_fr0p25_kd0p4_t3p0_self2p5,DSDM_LOGIT,dsdm,expert,true,false,direct,10,pipeline_social_results,1,10,,750,150000,0,16.08,64.32,24.55,17.96,26.7467,46.36,0.0482152,0.630241,0.773534,0.773534,0
cifar100_4agent_25cls_hetero4arch_ipc10_guardian_vgg_dense_ep60_lr0p01_fr0p25_kd0p4_t3p0_self3p0,DSDM_LOGIT,dsdm,expert,true,false,direct,10,pipeline_social_results,1,10,,750,150000,0,16.08,64.32,24.65,18.16,26.8133,46.16,0.0413757,1.16513,0.749371,0.749371,0
cifar100_4agent_25cls_hetero4arch_ipc10_guardian_vgg_dense_ep60_lr0p01_fr0p25_kd0p4_t3p0_self4p0,DSDM_LOGIT,dsdm,expert,true,false,direct,10,pipeline_social_results,1,10,,750,150000,0,16.08,64.32,26.18,21.76,27.6533,42.56,0.0301707,0.655309,0.673289,0.673289,0
cifar100_4agent_25cls_hetero4arch_ipc10_guardian_vgg_dense_ep60_lr0p01_fr0p25_kd0p4_t4p0_self2p5,DSDM_LOGIT,dsdm,expert,true,false,direct,10,pipeline_social_results,1,10,,750,150000,0,16.08,64.32,25.09,18.96,27.1333,45.36,0.0975849,0.775354,1.16184,1.16184,0
cifar100_4agent_25cls_hetero4arch_ipc10_guardian_vgg_dense_ep60_lr0p01_fr0p25_kd0p4_t4p0_self3p0,DSDM_LOGIT,dsdm,expert,true,false,direct,10,pipeline_social_results,1,10,,750,150000,0,16.08,64.32,25.59,20.88,27.16,43.44,0.0733416,0.886041,1.16,1.16,0
cifar100_4agent_25cls_hetero4arch_ipc10_guardian_vgg_dense_ep60_lr0p01_fr0p25_kd0p4_t4p0_self4p0,DSDM_LOGIT,dsdm,expert,true,false,direct,10,pipeline_social_results,1,10,,750,150000,0,16.08,64.32,26.38,21.36,28.0533,42.96,0.0353431,0.758158,0.875439,0.875439,0
cifar100_4agent_25cls_hetero4arch_ipc10_guardian_vgg_dense_ep60_lr0p01_fr0p25_kd0p5_t3p0_self2p5,DSDM_LOGIT,dsdm,expert,true,false,direct,10,pipeline_social_results,1,10,,750,150000,0,16.08,64.32,25.18,17.52,27.7333,46.8,0.0364667,0.773981,0.687758,0.687758,0
cifar100_4agent_25cls_hetero4arch_ipc10_guardian_vgg_dense_ep60_lr0p01_fr0p25_kd0p5_t3p0_self3p0,DSDM_LOGIT,dsdm,expert,true,false,direct,10,pipeline_social_results,1,10,,750,150000,0,16.08,64.32,25.09,19.16,27.0667,45.16,0.0801578,0.859532,0.938658,0.938658,0
cifar100_4agent_25cls_hetero4arch_ipc10_guardian_vgg_dense_ep60_lr0p01_fr0p25_kd0p5_t3p0_self4p0,DSDM_LOGIT,dsdm,expert,true,false,direct,10,pipeline_social_results,1,10,,750,150000,0,16.08,64.32,26.61,23.44,27.6667,40.88,0.0411236,0.868396,0.876299,0.876299,0
cifar100_4agent_25cls_hetero4arch_ipc10_guardian_vgg_dense_ep60_lr0p01_fr0p25_kd0p5_t4p0_self2p5,DSDM_LOGIT,dsdm,expert,true,false,direct,10,pipeline_social_results,1,10,,750,150000,0,16.08,64.32,25.79,20.4,27.5867,43.92,0.0404071,0.734326,0.875699,0.875699,0
cifar100_4agent_25cls_hetero4arch_ipc10_guardian_vgg_dense_ep60_lr0p01_fr0p25_kd0p5_t4p0_self3p0,DSDM_LOGIT,dsdm,expert,true,false,direct,10,pipeline_social_results,1,10,,750,150000,0,16.08,64.32,26.54,21.68,28.16,42.64,0.163007,0.823196,1.14203,1.14203,0
cifar100_4agent_25cls_hetero4arch_ipc10_guardian_vgg_dense_ep60_lr0p01_fr0p25_kd0p5_t4p0_self4p0,DSDM_LOGIT,dsdm,expert,true,false,direct,10,pipeline_social_results,1,10,,750,150000,0,16.08,64.32,26.97,22.92,28.32,41.4,0.140522,0.706803,0.955498,0.955498,0
cifar100_4agent_25cls_hetero4arch_ipc10_guardian_vgg_dense_ep60_lr0p01_fr0p25_kd0p6_t3p0_self2p5,DSDM_LOGIT,dsdm,expert,true,false,direct,10,pipeline_social_results,1,10,,750,150000,0,16.08,64.32,25.73,18.72,28.0667,45.6,0.0959284,1.05102,0.593098,0.593098,0
cifar100_4agent_25cls_hetero4arch_ipc10_guardian_vgg_dense_ep60_lr0p01_fr0p25_kd0p6_t3p0_self3p0,DSDM_LOGIT,dsdm,expert,true,false,direct,10,pipeline_social_results,1,10,,750,150000,0,16.08,64.32,25.84,20.24,27.7067,44.08,0.0529273,0.949231,0.71565,0.71565,0
cifar100_4agent_25cls_hetero4arch_ipc10_guardian_vgg_dense_ep60_lr0p01_fr0p25_kd0p6_t3p0_self4p0,DSDM_LOGIT,dsdm,expert,true,false,direct,10,pipeline_social_results,1,10,,750,150000,0,16.08,64.32,26.58,22.32,28,42,0.427597,0.774524,1.00699,1.00699,0
cifar100_4agent_25cls_hetero4arch_ipc10_guardian_vgg_dense_ep60_lr0p01_fr0p25_kd0p6_t4p0_self2p5,DSDM_LOGIT,dsdm,expert,true,false,direct,10,pipeline_social_results,1,10,,750,150000,0,16.08,64.32,25.23,17.92,27.6667,46.4,0.129077,1.51995,0.90905,0.90905,0
cifar100_4agent_25cls_hetero4arch_ipc10_guardian_vgg_dense_ep60_lr0p01_fr0p25_kd0p6_t4p0_self3p0,DSDM_LOGIT,dsdm,expert,true,false,direct,10,pipeline_social_results,1,10,,750,150000,0,16.08,64.32,25.73,20.64,27.4267,43.68,0.0750756,0.952168,1.15635,1.15635,0
cifar100_4agent_25cls_hetero4arch_ipc10_guardian_vgg_dense_ep60_lr0p01_fr0p25_kd0p6_t4p0_self4p0,DSDM_LOGIT,dsdm,expert,true,false,direct,10,pipeline_social_results,1,10,,750,150000,0,16.08,64.32,26.15,21.48,27.7067,42.84,0.11281,0.820411,0.871787,0.871787,0
cifar100_4agent_25cls_hetero4arch_ipc10_guardian_vgg_dense_ep60_lr0p01_fr0p35_kd0p3_t3p0_self2p5,DSDM_LOGIT,dsdm,expert,true,false,direct,10,pipeline_social_results,1,10,,750,150000,0,16.08,64.32,24.9,20.16,26.48,44.16,0.0401478,0.962467,0.786906,0.786906,0
cifar100_4agent_25cls_hetero4arch_ipc10_guardian_vgg_dense_ep60_lr0p01_fr0p35_kd0p3_t3p0_self3p0,DSDM_LOGIT,dsdm,expert,true,false,direct,10,pipeline_social_results,1,10,,750,150000,0,16.08,64.32,24.32,19.48,25.9333,44.84,0.0219079,1.20857,1.00363,1.00363,0
cifar100_4agent_25cls_hetero4arch_ipc10_guardian_vgg_dense_ep60_lr0p01_fr0p35_kd0p3_t3p0_self4p0,DSDM_LOGIT,dsdm,expert,true,false,direct,10,pipeline_social_results,1,10,,750,150000,0,16.08,64.32,24.93,19.88,26.6133,44.44,0.129372,0.605904,1.03992,1.03992,0
cifar100_4agent_25cls_hetero4arch_ipc10_guardian_vgg_dense_ep60_lr0p01_fr0p35_kd0p3_t4p0_self2p5,DSDM_LOGIT,dsdm,expert,true,false,direct,10,pipeline_social_results,1,10,,750,150000,0,16.08,64.32,24.95,17.44,27.4533,46.88,0.0411489,0.766795,1.17316,1.17316,0
cifar100_4agent_25cls_hetero4arch_ipc10_guardian_vgg_dense_ep60_lr0p01_fr0p35_kd0p3_t4p0_self3p0,DSDM_LOGIT,dsdm,expert,true,false,direct,10,pipeline_social_results,1,10,,750,150000,0,16.08,64.32,25.03,19.48,26.88,44.84,0.0299309,0.701823,1.32584,1.32584,0
cifar100_4agent_25cls_hetero4arch_ipc10_guardian_vgg_dense_ep60_lr0p01_fr0p35_kd0p3_t4p0_self4p0,DSDM_LOGIT,dsdm,expert,true,false,direct,10,pipeline_social_results,1,10,,750,150000,0,16.08,64.32,25.76,21.68,27.12,42.64,0.0440438,0.743406,1.23592,1.23592,0
cifar100_4agent_25cls_hetero4arch_ipc10_guardian_vgg_dense_ep60_lr0p01_fr0p35_kd0p4_t3p0_self2p5,DSDM_LOGIT,dsdm,expert,true,false,direct,10,pipeline_social_results,1,10,,750,150000,0,16.08,64.32,24.52,18.64,26.48,45.68,0.0408555,1.54192,0.884651,0.884651,0
cifar100_4agent_25cls_hetero4arch_ipc10_guardian_vgg_dense_ep60_lr0p01_fr0p35_kd0p4_t3p0_self3p0,DSDM_LOGIT,dsdm,expert,true,false,direct,10,pipeline_social_results,1,10,,750,150000,0,16.08,64.32,25.15,21.04,26.52,43.28,0.0192962,0.740273,0.861584,0.861584,0
cifar100_4agent_25cls_hetero4arch_ipc10_guardian_vgg_dense_ep60_lr0p01_fr0p35_kd0p4_t3p0_self4p0,DSDM_LOGIT,dsdm,expert,true,false,direct,10,pipeline_social_results,1,10,,750,150000,0,16.08,64.32,25.37,21.36,26.7067,42.96,0.0508787,0.637851,0.833861,0.833861,0
cifar100_4agent_25cls_hetero4arch_ipc10_guardian_vgg_dense_ep60_lr0p01_fr0p35_kd0p4_t4p0_self2p5,DSDM_LOGIT,dsdm,expert,true,false,direct,10,pipeline_social_results,1,10,,750,150000,0,16.08,64.32,25.32,20.52,26.92,43.8,0.0523178,0.687158,1.39594,1.39594,0
cifar100_4agent_25cls_hetero4arch_ipc10_guardian_vgg_dense_ep60_lr0p01_fr0p35_kd0p4_t4p0_self3p0,DSDM_LOGIT,dsdm,expert,true,false,direct,10,pipeline_social_results,1,10,,750,150000,0,16.08,64.32,25.04,20,26.72,44.32,0.0455727,0.712886,0.97007,0.97007,0
cifar100_4agent_25cls_hetero4arch_ipc10_guardian_vgg_dense_ep60_lr0p01_fr0p35_kd0p4_t4p0_self4p0,DSDM_LOGIT,dsdm,expert,true,false,direct,10,pipeline_social_results,1,10,,750,150000,0,16.08,64.32,26.1,21.8,27.5333,42.52,0.0239562,0.697601,0.901985,0.901985,0
cifar100_4agent_25cls_hetero4arch_ipc10_guardian_vgg_dense_ep60_lr0p01_fr0p35_kd0p5_t3p0_self2p5,DSDM_LOGIT,dsdm,expert,true,false,direct,10,pipeline_social_results,1,10,,750,150000,0,16.08,64.32,25.22,20.72,26.72,43.6,0.0530517,0.499786,0.592652,0.592652,0
cifar100_4agent_25cls_hetero4arch_ipc10_guardian_vgg_dense_ep60_lr0p01_fr0p35_kd0p5_t3p0_self3p0,DSDM_LOGIT,dsdm,expert,true,false,direct,10,pipeline_social_results,1,10,,750,150000,0,16.08,64.32,26.03,21.6,27.5067,42.72,0.0701942,1.14363,0.912068,0.912068,0
cifar100_4agent_25cls_hetero4arch_ipc10_guardian_vgg_dense_ep60_lr0p01_fr0p35_kd0p5_t3p0_self4p0,DSDM_LOGIT,dsdm,expert,true,false,direct,10,pipeline_social_results,1,10,,750,150000,0,16.08,64.32,26.17,23.96,26.9067,40.36,0.122335,1.07594,0.615943,0.615943,0
cifar100_4agent_25cls_hetero4arch_ipc10_guardian_vgg_dense_ep60_lr0p01_fr0p35_kd0p5_t4p0_self2p5,DSDM_LOGIT,dsdm,expert,true,false,direct,10,pipeline_social_results,1,10,,750,150000,0,16.08,64.32,25.19,19.12,27.2133,45.2,0.116172,1.02558,1.20687,1.20687,0
cifar100_4agent_25cls_hetero4arch_ipc10_guardian_vgg_dense_ep60_lr0p01_fr0p35_kd0p5_t4p0_self3p0,DSDM_LOGIT,dsdm,expert,true,false,direct,10,pipeline_social_results,1,10,,750,150000,0,16.08,64.32,25.77,20.24,27.6133,44.08,0.0750579,2.22023,1.13091,1.13091,0
cifar100_4agent_25cls_hetero4arch_ipc10_guardian_vgg_dense_ep60_lr0p01_fr0p35_kd0p5_t4p0_self4p0,DSDM_LOGIT,dsdm,expert,true,false,direct,10,pipeline_social_results,1,10,,750,150000,0,16.08,64.32,25.93,21.04,27.56,43.28,0.359979,1.2367,1.38262,1.38262,0
cifar100_4agent_25cls_hetero4arch_ipc10_guardian_vgg_dense_ep60_lr0p01_fr0p35_kd0p6_t3p0_self2p5,DSDM_LOGIT,dsdm,expert,true,false,direct,10,pipeline_social_results,1,10,,750,150000,0,16.08,64.32,24.97,19.8,26.6933,44.52,0.0788985,0.851813,0.70558,0.70558,0
cifar100_4agent_25cls_hetero4arch_ipc10_guardian_vgg_dense_ep60_lr0p01_fr0p35_kd0p6_t3p0_self3p0,DSDM_LOGIT,dsdm,expert,true,false,direct,10,pipeline_social_results,1,10,,750,150000,0,16.08,64.32,26.24,22.48,27.4933,41.84,0.109974,0.84058,0.776764,0.776764,0
cifar100_4agent_25cls_hetero4arch_ipc10_guardian_vgg_dense_ep60_lr0p01_fr0p35_kd0p6_t3p0_self4p0,DSDM_LOGIT,dsdm,expert,true,false,direct,10,pipeline_social_results,1,10,,750,150000,0,16.08,64.32,26.17,22.68,27.3333,41.64,0.0861854,0.575365,0.630469,0.630469,0
cifar100_4agent_25cls_hetero4arch_ipc10_guardian_vgg_dense_ep60_lr0p01_fr0p35_kd0p6_t4p0_self2p5,DSDM_LOGIT,dsdm,expert,true,false,direct,10,pipeline_social_results,1,10,,750,150000,0,16.08,64.32,26.42,20.24,28.48,44.08,0.0428404,0.974774,0.83821,0.83821,0
cifar100_4agent_25cls_hetero4arch_ipc10_guardian_vgg_dense_ep60_lr0p01_fr0p35_kd0p6_t4p0_self3p0,DSDM_LOGIT,dsdm,expert,true,false,direct,10,pipeline_social_results,1,10,,750,150000,0,16.08,64.32,26.04,20.08,28.0267,44.24,0.0314719,0.811816,1.23438,1.23438,0
cifar100_4agent_25cls_hetero4arch_ipc10_guardian_vgg_dense_ep60_lr0p01_fr0p35_kd0p6_t4p0_self4p0,DSDM_LOGIT,dsdm,expert,true,false,direct,10,pipeline_social_results,1,10,,750,150000,0,16.08,64.32,26.66,23.2,27.8133,41.12,0.0979435,0.802702,0.932333,0.932333,0
cifar100_4agent_25cls_hetero4arch_ipc10_guardian_vgg_dense_ep60_lr0p01_fr0p3_kd0p3_t3p0_self2p5,DSDM_LOGIT,dsdm,expert,true,false,direct,10,pipeline_social_results,1,10,,750,150000,0,16.08,64.32,23.81,18.48,25.5867,45.84,0.0787567,0.66701,0.721164,0.721164,0
cifar100_4agent_25cls_hetero4arch_ipc10_guardian_vgg_dense_ep60_lr0p01_fr0p3_kd0p3_t3p0_self3p0,DSDM_LOGIT,dsdm,expert,true,false,direct,10,pipeline_social_results,1,10,,750,150000,0,16.08,64.32,24.66,19.52,26.3733,44.8,0.0553337,0.685582,0.824484,0.824484,0
cifar100_4agent_25cls_hetero4arch_ipc10_guardian_vgg_dense_ep60_lr0p01_fr0p3_kd0p3_t3p0_self4p0,DSDM_LOGIT,dsdm,expert,true,false,direct,10,pipeline_social_results,1,10,,750,150000,0,16.08,64.32,24.69,19,26.5867,45.32,0.0431365,1.1677,0.971803,0.971803,0
cifar100_4agent_25cls_hetero4arch_ipc10_guardian_vgg_dense_ep60_lr0p01_fr0p3_kd0p3_t4p0_self2p5,DSDM_LOGIT,dsdm,expert,true,false,direct,10,pipeline_social_results,1,10,,750,150000,0,16.08,64.32,24.33,18.24,26.36,46.08,0.0192962,1.25819,1.10697,1.10697,0
cifar100_4agent_25cls_hetero4arch_ipc10_guardian_vgg_dense_ep60_lr0p01_fr0p3_kd0p3_t4p0_self3p0,DSDM_LOGIT,dsdm,expert,true,false,direct,10,pipeline_social_results,1,10,,750,150000,0,16.08,64.32,25.46,20.92,26.9733,43.4,0.0507476,0.677244,1.30623,1.30623,0
cifar100_4agent_25cls_hetero4arch_ipc10_guardian_vgg_dense_ep60_lr0p01_fr0p3_kd0p3_t4p0_self4p0,DSDM_LOGIT,dsdm,expert,true,false,direct,10,pipeline_social_results,1,10,,750,150000,0,16.08,64.32,26.04,22.04,27.3733,42.28,0.0235279,0.915748,1.20901,1.20901,0
cifar100_4agent_25cls_hetero4arch_ipc10_guardian_vgg_dense_ep60_lr0p01_fr0p3_kd0p4_t3p0_self2p5,DSDM_LOGIT,dsdm,expert,true,false,direct,10,pipeline_social_results,1,10,,750,150000,0,16.08,64.32,25.23,20.44,26.8267,43.88,0.0347315,0.816162,0.617774,0.617774,0
cifar100_4agent_25cls_hetero4arch_ipc10_guardian_vgg_dense_ep60_lr0p01_fr0p3_kd0p4_t3p0_self3p0,DSDM_LOGIT,dsdm,expert,true,false,direct,10,pipeline_social_results,1,10,,750,150000,0,16.08,64.32,25.33,20.52,26.9333,43.8,0.0472196,0.792872,0.908543,0.908543,0
cifar100_4agent_25cls_hetero4arch_ipc10_guardian_vgg_dense_ep60_lr0p01_fr0p3_kd0p4_t3p0_self4p0,DSDM_LOGIT,dsdm,expert,true,false,direct,10,pipeline_social_results,1,10,,750,150000,0,16.08,64.32,26.11,21.4,27.68,42.92,0.137822,0.917652,1.04203,1.04203,0
cifar100_4agent_25cls_hetero4arch_ipc10_guardian_vgg_dense_ep60_lr0p01_fr0p3_kd0p4_t4p0_self2p5,DSDM_LOGIT,dsdm,expert,true,false,direct,10,pipeline_social_results,1,10,,750,150000,0,16.08,64.32,25.35,19.48,27.3067,44.84,0.0622877,0.664105,1.09088,1.09088,0
cifar100_4agent_25cls_hetero4arch_ipc10_guardian_vgg_dense_ep60_lr0p01_fr0p3_kd0p4_t4p0_self3p0,DSDM_LOGIT,dsdm,expert,true,false,direct,10,pipeline_social_results,1,10,,750,150000,0,16.08,64.32,26.02,20.68,27.8,43.64,0.083242,0.705999,0.985171,0.985171,0
cifar100_4agent_25cls_hetero4arch_ipc10_guardian_vgg_dense_ep60_lr0p01_fr0p3_kd0p4_t4p0_self4p0,DSDM_LOGIT,dsdm,expert,true,false,direct,10,pipeline_social_results,1,10,,750,150000,0,16.08,64.32,26.24,21.16,27.9333,43.16,0.0379313,1.49972,1.04522,1.04522,0
cifar100_4agent_25cls_hetero4arch_ipc10_guardian_vgg_dense_ep60_lr0p01_fr0p3_kd0p5_t3p0_self2p5,DSDM_LOGIT,dsdm,expert,true,false,direct,10,pipeline_social_results,1,10,,750,150000,0,16.08,64.32,25.08,19.36,26.9867,44.96,0.0938505,0.998937,0.797184,0.797184,0
cifar100_4agent_25cls_hetero4arch_ipc10_guardian_vgg_dense_ep60_lr0p01_fr0p3_kd0p5_t3p0_self3p0,DSDM_LOGIT,dsdm,expert,true,false,direct,10,pipeline_social_results,1,10,,750,150000,0,16.08,64.32,25.54,20.48,27.2267,43.84,0.0615698,0.690599,0.781008,0.781008,0
cifar100_4agent_25cls_hetero4arch_ipc10_guardian_vgg_dense_ep60_lr0p01_fr0p3_kd0p5_t3p0_self4p0,DSDM_LOGIT,dsdm,expert,true,false,direct,10,pipeline_social_results,1,10,,750,150000,0,16.08,64.32,26.07,22.32,27.32,42,0.143877,0.758568,0.886338,0.886338,0
cifar100_4agent_25cls_hetero4arch_ipc10_guardian_vgg_dense_ep60_lr0p01_fr0p3_kd0p5_t4p0_self2p5,DSDM_LOGIT,dsdm,expert,true,false,direct,10,pipeline_social_results,1,10,,750,150000,0,16.08,64.32,26.07,20.4,27.96,43.92,0.112921,0.728899,1.25225,1.25225,0
cifar100_4agent_25cls_hetero4arch_ipc10_guardian_vgg_dense_ep60_lr0p01_fr0p3_kd0p5_t4p0_self3p0,DSDM_LOGIT,dsdm,expert,true,false,direct,10,pipeline_social_results,1,10,,750,150000,0,16.08,64.32,25.19,18.72,27.3467,45.6,0.21457,0.678209,1.24238,1.24238,0
cifar100_4agent_25cls_hetero4arch_ipc10_guardian_vgg_dense_ep60_lr0p01_fr0p3_kd0p5_t4p0_self4p0,DSDM_LOGIT,dsdm,expert,true,false,direct,10,pipeline_social_results,1,10,,750,150000,0,16.08,64.32,27.21,23.76,28.36,40.56,0.068137,0.833622,1.14676,1.14676,0
cifar100_4agent_25cls_hetero4arch_ipc10_guardian_vgg_dense_ep60_lr0p01_fr0p3_kd0p6_t3p0_self2p5,DSDM_LOGIT,dsdm,expert,true,false,direct,10,pipeline_social_results,1,10,,750,150000,0,16.08,64.32,25.45,19.2,27.5333,45.12,0.0212896,0.772733,0.596898,0.596898,0
cifar100_4agent_25cls_hetero4arch_ipc10_guardian_vgg_dense_ep60_lr0p01_fr0p3_kd0p6_t3p0_self3p0,DSDM_LOGIT,dsdm,expert,true,false,direct,10,pipeline_social_results,1,10,,750,150000,0,16.08,64.32,26.26,22.44,27.5333,41.88,0.0788572,0.924962,0.727019,0.727019,0
cifar100_4agent_25cls_hetero4arch_ipc10_guardian_vgg_dense_ep60_lr0p01_fr0p3_kd0p6_t3p0_self4p0,DSDM_LOGIT,dsdm,expert,true,false,direct,10,pipeline_social_results,1,10,,750,150000,0,16.08,64.32,27.27,25.16,27.9733,39.16,0.146961,0.584067,0.816306,0.816306,0
cifar100_4agent_25cls_hetero4arch_ipc10_guardian_vgg_dense_ep60_lr0p01_fr0p3_kd0p6_t4p0_self2p5,DSDM_LOGIT,dsdm,expert,true,false,direct,10,pipeline_social_results,1,10,,750,150000,0,16.08,64.32,25.9,20.24,27.7867,44.08,0.193747,1.8034,1.19826,1.19826,0
cifar100_4agent_25cls_hetero4arch_ipc10_guardian_vgg_dense_ep60_lr0p01_fr0p3_kd0p6_t4p0_self3p0,DSDM_LOGIT,dsdm,expert,true,false,direct,10,pipeline_social_results,1,10,,750,150000,0,16.08,64.32,26.81,21.16,28.6933,43.16,0.0687525,1.0218,0.975554,0.975554,0
cifar100_4agent_25cls_hetero4arch_ipc10_guardian_vgg_dense_ep60_lr0p01_fr0p3_kd0p6_t4p0_self4p0,DSDM_LOGIT,dsdm,expert,true,false,direct,10,pipeline_social_results,1,10,,750,150000,0,16.08,64.32,26.39,22.44,27.7067,41.88,0.0552517,0.770614,1.14563,1.14563,0
cifar100_4agent_25cls_hetero4arch_ipc10_guardian_vgg_dense_ep60_lr0p01_fr0p4_kd0p3_t3p0_self2p5,DSDM_LOGIT,dsdm,expert,true,false,direct,10,pipeline_social_results,1,10,,750,150000,0,16.08,64.32,23.66,19,25.2133,45.32,0.0742847,1.45364,1.2021,1.2021,0
cifar100_4agent_25cls_hetero4arch_ipc10_guardian_vgg_dense_ep60_lr0p01_fr0p4_kd0p3_t3p0_self3p0,DSDM_LOGIT,dsdm,expert,true,false,direct,10,pipeline_social_results,1,10,,750,150000,0,16.08,64.32,24.05,18.28,25.9733,46.04,0.0334066,0.561453,0.89887,0.89887,0
cifar100_4agent_25cls_hetero4arch_ipc10_guardian_vgg_dense_ep60_lr0p01_fr0p4_kd0p3_t3p0_self4p0,DSDM_LOGIT,dsdm,expert,true,false,direct,10,pipeline_social_results,1,10,,750,150000,0,16.08,64.32,24.36,19.52,25.9733,44.8,0.0527767,1.14512,1.04513,1.04513,0
cifar100_4agent_25cls_hetero4arch_ipc10_guardian_vgg_dense_ep60_lr0p01_fr0p4_kd0p3_t4p0_self2p5,DSDM_LOGIT,dsdm,expert,true,false,direct,10,pipeline_social_results,1,10,,750,150000,0,16.08,64.32,24.65,19.12,26.4933,45.2,0.0721544,0.565892,1.00614,1.00614,0
cifar100_4agent_25cls_hetero4arch_ipc10_guardian_vgg_dense_ep60_lr0p01_fr0p4_kd0p3_t4p0_self3p0,DSDM_LOGIT,dsdm,expert,true,false,direct,10,pipeline_social_results,1,10,,750,150000,0,16.08,64.32,24.38,19.72,25.9333,44.6,0.0563894,1.01381,1.68003,1.68003,0
cifar100_4agent_25cls_hetero4arch_ipc10_guardian_vgg_dense_ep60_lr0p01_fr0p4_kd0p3_t4p0_self4p0,DSDM_LOGIT,dsdm,expert,true,false,direct,10,pipeline_social_results,1,10,,750,150000,0,16.08,64.32,24.87,19.92,26.52,44.4,0.288237,0.879712,1.62023,1.62023,0
cifar100_4agent_25cls_hetero4arch_ipc10_guardian_vgg_dense_ep60_lr0p01_fr0p4_kd0p4_t3p0_self2p5,DSDM_LOGIT,dsdm,expert,true,false,direct,10,pipeline_social_results,1,10,,750,150000,0,16.08,64.32,23.75,16.64,26.12,47.68,0.109859,0.884605,0.80191,0.80191,0
cifar100_4agent_25cls_hetero4arch_ipc10_guardian_vgg_dense_ep60_lr0p01_fr0p4_kd0p4_t3p0_self3p0,DSDM_LOGIT,dsdm,expert,true,false,direct,10,pipeline_social_results,1,10,,750,150000,0,16.08,64.32,24.9,19.68,26.64,44.64,0.0583584,0.613337,1.04881,1.04881,0
cifar100_4agent_25cls_hetero4arch_ipc10_guardian_vgg_dense_ep60_lr0p01_fr0p4_kd0p4_t3p0_self4p0,DSDM_LOGIT,dsdm,expert,true,false,direct,10,pipeline_social_results,1,10,,750,150000,0,16.08,64.32,25.51,21.76,26.76,42.56,0.0292804,0.589861,0.770929,0.770929,0
cifar100_4agent_25cls_hetero4arch_ipc10_guardian_vgg_dense_ep60_lr0p01_fr0p4_kd0p4_t4p0_self2p5,DSDM_LOGIT,dsdm,expert,true,false,direct,10,pipeline_social_results,1,10,,750,150000,0,16.08,64.32,24.78,19.04,26.6933,45.28,0.0503038,0.599599,1.23218,1.23218,0
cifar100_4agent_25cls_hetero4arch_ipc10_guardian_vgg_dense_ep60_lr0p01_fr0p4_kd0p4_t4p0_self3p0,DSDM_LOGIT,dsdm,expert,true,false,direct,10,pipeline_social_results,1,10,,750,150000,0,16.08,64.32,24.52,18.4,26.56,45.92,0.0412502,1.09805,1.34983,1.34983,0
cifar100_4agent_25cls_hetero4arch_ipc10_guardian_vgg_dense_ep60_lr0p01_fr0p4_kd0p4_t4p0_self4p0,DSDM_LOGIT,dsdm,expert,true,false,direct,10,pipeline_social_results,1,10,,750,150000,0,16.08,64.32,26.41,24.48,27.0533,39.84,0.0645281,0.687244,1.20338,1.20338,0
cifar100_4agent_25cls_hetero4arch_ipc10_guardian_vgg_dense_ep60_lr0p01_fr0p4_kd0p5_t3p0_self2p5,DSDM_LOGIT,dsdm,expert,true,false,direct,10,pipeline_social_results,1,10,,750,150000,0,16.08,64.32,25.23,19.72,27.0667,44.6,0.0742237,0.571113,0.828978,0.828978,0
cifar100_4agent_25cls_hetero4arch_ipc10_guardian_vgg_dense_ep60_lr0p01_fr0p4_kd0p5_t3p0_self3p0,DSDM_LOGIT,dsdm,expert,true,false,direct,10,pipeline_social_results,1,10,,750,150000,0,16.08,64.32,24.86,21,26.1467,43.32,0.026494,0.939581,0.603743,0.603743,0
cifar100_4agent_25cls_hetero4arch_ipc10_guardian_vgg_dense_ep60_lr0p01_fr0p4_kd0p5_t3p0_self4p0,DSDM_LOGIT,dsdm,expert,true,false,direct,10,pipeline_social_results,1,10,,750,150000,0,16.08,64.32,26.25,23.76,27.08,40.56,0.0739073,0.74845,0.832447,0.832447,0
cifar100_4agent_25cls_hetero4arch_ipc10_guardian_vgg_dense_ep60_lr0p01_fr0p4_kd0p5_t4p0_self2p5,DSDM_LOGIT,dsdm,expert,true,false,direct,10,pipeline_social_results,1,10,,750,150000,0,16.08,64.32,25.63,18.44,28.0267,45.88,0.0199763,0.675728,0.908552,0.908552,0
cifar100_4agent_25cls_hetero4arch_ipc10_guardian_vgg_dense_ep60_lr0p01_fr0p4_kd0p5_t4p0_self3p0,DSDM_LOGIT,dsdm,expert,true,false,direct,10,pipeline_social_results,1,10,,750,150000,0,16.08,64.32,25.69,20.24,27.5067,44.08,0.188583,0.523554,1.20567,1.20567,0
cifar100_4agent_25cls_hetero4arch_ipc10_guardian_vgg_dense_ep60_lr0p01_fr0p4_kd0p5_t4p0_self4p0,DSDM_LOGIT,dsdm,expert,true,false,direct,10,pipeline_social_results,1,10,,750,150000,0,16.08,64.32,26.38,21.68,27.9467,42.64,0.080158,0.677321,1.46624,1.46624,0
cifar100_4agent_25cls_hetero4arch_ipc10_guardian_vgg_dense_ep60_lr0p01_fr0p4_kd0p6_t3p0_self2p5,DSDM_LOGIT,dsdm,expert,true,false,direct,10,pipeline_social_results,1,10,,750,150000,0,16.08,64.32,25.9,20.84,27.5867,43.48,0.0385308,0.786188,0.589988,0.589988,0
cifar100_4agent_25cls_hetero4arch_ipc10_guardian_vgg_dense_ep60_lr0p01_fr0p4_kd0p6_t3p0_self3p0,DSDM_LOGIT,dsdm,expert,true,false,direct,10,pipeline_social_results,1,10,,750,150000,0,16.08,64.32,25.32,20.8,26.8267,43.52,0.279649,0.639374,0.680758,0.680758,0
cifar100_4agent_25cls_hetero4arch_ipc10_guardian_vgg_dense_ep60_lr0p01_fr0p4_kd0p6_t3p0_self4p0,DSDM_LOGIT,dsdm,expert,true,false,direct,10,pipeline_social_results,1,10,,750,150000,0,16.08,64.32,26.75,24,27.6667,40.32,0.119527,0.644269,0.876929,0.876929,0
cifar100_4agent_25cls_hetero4arch_ipc10_guardian_vgg_dense_ep60_lr0p01_fr0p4_kd0p6_t4p0_self2p5,DSDM_LOGIT,dsdm,expert,true,false,direct,10,pipeline_social_results,1,10,,750,150000,0,16.08,64.32,26.01,20.04,28,44.28,0.0385725,0.756191,0.854285,0.854285,0
cifar100_4agent_25cls_hetero4arch_ipc10_guardian_vgg_dense_ep60_lr0p01_fr0p4_kd0p6_t4p0_self3p0,DSDM_LOGIT,dsdm,expert,true,false,direct,10,pipeline_social_results,1,10,,750,150000,0,16.08,64.32,26.29,22.16,27.6667,42.16,0.0982667,1.03952,1.0786,1.0786,0
cifar100_4agent_25cls_hetero4arch_ipc10_guardian_vgg_dense_ep60_lr0p01_fr0p4_kd0p6_t4p0_self4p0,DSDM_LOGIT,dsdm,expert,true,false,direct,10,pipeline_social_results,1,10,,750,150000,0,16.08,64.32,26.46,23.28,27.52,41.04,0.161318,0.810031,1.17423,1.17423,0
cifar100_4agent_25cls_hetero4arch_ipc10_guardian_vgg_dense_ep75_lr0p01_fr0p25_kd0p3_t3p0_self3p0,DSDM_LOGIT,dsdm,expert,true,false,direct,10,pipeline_social_results,1,10,,750,150000,0,16.08,64.32,24.44,18.08,26.56,46.24,0.0723295,1.59317,0.703006,0.703006,0
cifar100_4agent_25cls_hetero4arch_ipc10_guardian_vgg_dense_ep75_lr0p01_fr0p25_kd0p3_t4p0_self3p0,DSDM_LOGIT,dsdm,expert,true,false,direct,10,pipeline_social_results,1,10,,750,150000,0,16.08,64.32,24.57,18.16,26.7067,46.16,0.0364554,0.646696,1.15477,1.15477,0
cifar100_4agent_25cls_hetero4arch_ipc10_guardian_vgg_dense_ep75_lr0p01_fr0p25_kd0p4_t3p0_self3p0,DSDM_LOGIT,dsdm,expert,true,false,direct,10,pipeline_social_results,1,10,,750,150000,0,16.08,64.32,25.23,19.24,27.2267,45.08,0.0969492,0.628055,0.572164,0.572164,0
cifar100_4agent_25cls_hetero4arch_ipc10_guardian_vgg_dense_ep75_lr0p01_fr0p25_kd0p4_t4p0_self3p0,DSDM_LOGIT,dsdm,expert,true,false,direct,10,pipeline_social_results,1,10,,750,150000,0,16.08,64.32,25.65,18.12,28.16,46.2,0.0225275,0.624053,0.913073,0.913073,0
cifar100_4agent_25cls_hetero4arch_ipc10_guardian_vgg_dense_ep75_lr0p01_fr0p25_kd0p5_t3p0_self3p0,DSDM_LOGIT,dsdm,expert,true,false,direct,10,pipeline_social_results,1,10,,750,150000,0,16.08,64.32,25.17,19.12,27.1867,45.2,0.070727,0.720724,0.800464,0.800464,0
cifar100_4agent_25cls_hetero4arch_ipc10_guardian_vgg_dense_ep75_lr0p01_fr0p25_kd0p5_t4p0_self3p0,DSDM_LOGIT,dsdm,expert,true,false,direct,10,pipeline_social_results,1,10,,750,150000,0,16.08,64.32,26.48,18.64,29.0933,45.68,0.0284481,1.00394,0.867068,0.867068,0
cifar100_4agent_25cls_hetero4arch_ipc10_guardian_vgg_dense_ep75_lr0p01_fr0p25_kd0p6_t3p0_self3p0,DSDM_LOGIT,dsdm,expert,true,false,direct,10,pipeline_social_results,1,10,,750,150000,0,16.08,64.32,25.53,20.56,27.1867,43.76,0.058624,1.15147,0.804655,0.804655,0
cifar100_4agent_25cls_hetero4arch_ipc10_guardian_vgg_dense_ep75_lr0p01_fr0p25_kd0p6_t4p0_self3p0,DSDM_LOGIT,dsdm,expert,true,false,direct,10,pipeline_social_results,1,10,,750,150000,0,16.08,64.32,26.66,19.04,29.2,45.28,0.0855372,0.772119,0.729964,0.729964,0
cifar100_4agent_25cls_hetero4arch_ipc10_guardian_vgg_dense_ep75_lr0p01_fr0p3_kd0p3_t3p0_self3p0,DSDM_LOGIT,dsdm,expert,true,false,direct,10,pipeline_social_results,1,10,,750,150000,0,16.08,64.32,23.66,17.48,25.72,46.84,0.0195698,0.830113,0.759991,0.759991,0
cifar100_4agent_25cls_hetero4arch_ipc10_guardian_vgg_dense_ep75_lr0p01_fr0p3_kd0p4_t3p0_self3p0,DSDM_LOGIT,dsdm,expert,true,false,direct,10,pipeline_social_results,1,10,,750,150000,0,16.08,64.32,24.14,17.56,26.3333,46.76,0.209766,1.02661,1.11372,1.11372,0
cifar100_4agent_25cls_hetero4arch_ipc10_guardian_vgg_dense_ep75_lr0p01_fr0p3_kd0p4_t4p0_self3p0,DSDM_LOGIT,dsdm,expert,true,false,direct,10,pipeline_social_results,1,10,,750,150000,0,16.08,64.32,25.27,19.6,27.16,44.72,0.0542234,0.834543,0.711412,0.711412,0
cifar100_4agent_25cls_hetero4arch_ipc10_guardian_vgg_dense_ep75_lr0p01_fr0p3_kd0p5_t3p0_self3p0,DSDM_LOGIT,dsdm,expert,true,false,direct,10,pipeline_social_results,1,10,,750,150000,0,16.08,64.32,25.36,19.84,27.2,44.48,0.0491712,0.628939,0.639135,0.639135,0
cifar100_4agent_25cls_hetero4arch_ipc10_guardian_vgg_dense_ep75_lr0p01_fr0p3_kd0p5_t4p0_self3p0,DSDM_LOGIT,dsdm,expert,true,false,direct,10,pipeline_social_results,1,10,,750,150000,0,16.08,64.32,25.51,18.24,27.9333,46.08,0.0938122,4.35006,1.13119,1.13119,0
cifar100_4agent_25cls_hetero4arch_ipc10_guardian_vgg_dense_ep75_lr0p01_fr0p3_kd0p6_t3p0_self3p0,DSDM_LOGIT,dsdm,expert,true,false,direct,10,pipeline_social_results,1,10,,750,150000,0,16.08,64.32,25.45,20.4,27.1333,43.92,0.0407812,0.687921,0.794584,0.794584,0
cifar100_4agent_25cls_hetero4arch_ipc10_guardian_vgg_dense_ep75_lr0p01_fr0p3_kd0p6_t4p0_self3p0,DSDM_LOGIT,dsdm,expert,true,false,direct,10,pipeline_social_results,1,10,,750,150000,0,16.08,64.32,26.27,19.48,28.5333,44.84,0.0707743,1.00654,0.728801,0.728801,0
cifar100_4agent_25cls_hetero4arch_ipc10_guardian_vgg_g3_ep090_fr025_kd050_t3_sched_self20,DSDM_LOGIT,dsdm,expert,true,false,direct,10,pipeline_social_results,1,10,,750,150000,0,16.08,64.32,24.57,17.28,27,47.04,0.0497711,0.718516,0.539259,0.539259,0
cifar100_4agent_25cls_hetero4arch_ipc10_guardian_vgg_g3_ep090_fr030_kd050_t3_sched_self30,DSDM_LOGIT,dsdm,expert,true,false,direct,10,pipeline_social_results,1,10,,750,150000,0,16.08,64.32,24.47,17.16,26.9067,47.16,0.0603881,0.56973,0.474349,0.474349,0
cifar100_4agent_25cls_hetero4arch_ipc10_guardian_vgg_g3_fr020_kd040_t4_sched_self30,DSDM_LOGIT,dsdm,expert,true,false,direct,10,pipeline_social_results,1,10,,750,150000,0,16.08,64.32,25.63,18.72,27.9333,45.6,0.170648,0.960583,1.06413,1.06413,0
cifar100_4agent_25cls_hetero4arch_ipc10_guardian_vgg_g3_fr025_kd050_t3_sched_self30,DSDM_LOGIT,dsdm,expert,true,false,direct,10,pipeline_social_results,1,10,,750,150000,0,16.08,64.32,25.57,20.36,27.3067,43.96,0.109383,0.893494,0.610352,0.610352,0
cifar100_4agent_25cls_hetero4arch_ipc10_guardian_vgg_g3_fr030_kd040_t3_sched_self30,DSDM_LOGIT,dsdm,expert,true,false,direct,10,pipeline_social_results,1,10,,750,150000,0,16.08,64.32,25.55,21.44,26.92,42.88,0.0405477,1.08078,0.831035,0.831035,0
cifar100_4agent_25cls_hetero4arch_ipc10_guardian_vgg_g3_fr030_kd050_t3_sched_self30,DSDM_LOGIT,dsdm,expert,true,false,direct,10,pipeline_social_results,1,10,,750,150000,0,16.08,64.32,25.54,20.52,27.2133,43.8,0.125745,1.34534,0.886064,0.886064,0
cifar100_4agent_25cls_hetero4arch_ipc10_guardian_vgg_g3_fr035_kd060_t3_sched_self20,DSDM_LOGIT,dsdm,expert,true,false,direct,10,pipeline_social_results,1,10,,750,150000,0,16.08,64.32,25.24,18.64,27.44,45.68,0.128346,0.680823,0.681427,0.681427,0
cifar100_4agent_25cls_hetero4arch_ipc10_guardian_vgg_g3_fr040_kd060_t3_sched_self20,DSDM_LOGIT,dsdm,expert,true,false,direct,10,pipeline_social_results,1,10,,750,150000,0,16.08,64.32,24.09,17.84,26.1733,46.48,0.0340585,0.516299,0.546696,0.546696,0
cifar100_4agent_25cls_hetero4arch_ipc10_tune2_alex_ep075_fr020_kd060_t3_sched,DSDM_LOGIT,dsdm,expert,true,false,direct,10,pipeline_social_results,1,10,,750,150000,0,17.77,71.08,32.1,49.6,26.2667,21.48,0.0919983,3.01659,0.426177,0.426177,0
cifar100_4agent_25cls_hetero4arch_ipc10_tune2_alex_fr020_kd060_t3_sched,DSDM_LOGIT,dsdm,expert,true,false,direct,10,pipeline_social_results,1,10,,750,150000,0,17.77,71.08,32.21,50.36,26.16,20.72,0.0790624,0.893546,0.46688,0.46688,0
cifar100_4agent_25cls_hetero4arch_ipc10_tune2_alex_fr020_kd060_t3_sched_self15,DSDM_LOGIT,dsdm,expert,true,false,direct,10,pipeline_social_results,1,10,,750,150000,0,17.77,71.08,32.99,50.76,27.0667,20.32,0.0527826,0.627666,0.489654,0.489654,0
cifar100_4agent_25cls_hetero4arch_ipc10_tune2_alex_fr020_kd060_t4_sched,DSDM_LOGIT,dsdm,expert,true,false,direct,10,pipeline_social_results,1,10,,750,150000,0,17.77,71.08,32.93,49.44,27.4267,21.64,0.0522897,1.04436,0.762868,0.762868,0
cifar100_4agent_25cls_hetero4arch_ipc10_tune2_alex_fr020_kd070_t3_sched,DSDM_LOGIT,dsdm,expert,true,false,direct,10,pipeline_social_results,1,10,,750,150000,0,17.77,71.08,32.81,48.8,27.48,22.28,0.0676343,0.64712,0.555656,0.555656,0
cifar100_4agent_25cls_hetero4arch_ipc10_tune2_alex_fr025_kd060_t3_sched,DSDM_LOGIT,dsdm,expert,true,false,direct,10,pipeline_social_results,1,10,,750,150000,0,17.77,71.08,31.96,48.2,26.5467,22.88,0.0744239,0.921534,0.570529,0.570529,0
cifar100_4agent_25cls_hetero4arch_ipc10_tune2_vgg_ep075_fr020_kd060_t3_sched_self20,DSDM_LOGIT,dsdm,expert,true,false,direct,10,pipeline_social_results,1,10,,750,150000,0,16.08,64.32,25.07,17.4,27.6267,46.92,0.150607,1.04387,0.717626,0.717626,0
cifar100_4agent_25cls_hetero4arch_ipc10_tune2_vgg_fr020_kd050_t3_sched_self20,DSDM_LOGIT,dsdm,expert,true,false,direct,10,pipeline_social_results,1,10,,750,150000,0,16.08,64.32,24.4,17.16,26.8133,47.16,0.0705624,0.88267,0.85729,0.85729,0
cifar100_4agent_25cls_hetero4arch_ipc10_tune2_vgg_fr020_kd060_t3_latefr_self20,DSDM_LOGIT,dsdm,expert,true,false,direct,10,pipeline_social_results,1,10,,750,150000,0,16.08,64.32,25.19,21.08,26.56,43.24,0.0327647,1.0482,0.62356,0.62356,0
cifar100_4agent_25cls_hetero4arch_ipc10_tune2_vgg_fr020_kd060_t3_sched_self20,DSDM_LOGIT,dsdm,expert,true,false,direct,10,pipeline_social_results,1,10,,750,150000,0,16.08,64.32,25.65,18.08,28.1733,46.24,0.179561,0.962575,0.721529,0.721529,0
cifar100_4agent_25cls_hetero4arch_ipc10_tune2_vgg_fr020_kd060_t3_sched_self30,DSDM_LOGIT,dsdm,expert,true,false,direct,10,pipeline_social_results,1,10,,750,150000,0,16.08,64.32,25.81,20.8,27.48,43.52,0.093542,0.791584,0.830044,0.830044,0
cifar100_4agent_25cls_hetero4arch_ipc10_tune2_vgg_fr020_kd070_t4_sched_self20,DSDM_LOGIT,dsdm,expert,true,false,direct,10,pipeline_social_results,1,10,,750,150000,0,16.08,64.32,25.42,18.28,27.8,46.04,0.0721867,1.46696,0.97082,0.97082,0
cifar100_4agent_25cls_hetero4arch_ipc10_tune2_vgg_fr025_kd060_t3_sched_self20,DSDM_LOGIT,dsdm,expert,true,false,direct,10,pipeline_social_results,1,10,,750,150000,0,16.08,64.32,26.05,19.84,28.12,44.48,0.0484135,0.919391,0.786088,0.786088,0
cifar100_4agent_25cls_hetero4arch_ipc10_tune2_vgg_fr030_kd060_t3_sched_self20,DSDM_LOGIT,dsdm,expert,true,false,direct,10,pipeline_social_results,1,10,,750,150000,0,16.08,64.32,25.69,19.84,27.64,44.48,0.0646079,0.801239,0.51251,0.51251,0
cifar100_4agent_25cls_hetero4arch_ipc10_tune_ep050_fr020_kd050_t2,DSDM_LOGIT,dsdm,expert,true,false,direct,10,pipeline_social_results,5,10,,750,150000,0,16.91,67.64,30.444,41.04,26.912,26.6,0.0836569,0.504431,0.275481,0.275481,0
cifar100_4agent_25cls_hetero4arch_ipc10_tune_ep055_fr020_kd060_t2,DSDM_LOGIT,dsdm,expert,true,false,direct,10,pipeline_social_results,5,10,,750,150000,0,16.91,67.64,30.212,40.192,26.8853,27.448,0.0802443,0.567552,0.296958,0.296958,0
cifar100_4agent_25cls_hetero4arch_ipc10_tune_ep060_fr015_kd050_t2,DSDM_LOGIT,dsdm,expert,true,false,direct,10,pipeline_social_results,4,10,,750,150000,0,17.055,68.22,29.5275,40.8,25.77,27.42,0.0768549,0.908522,0.213846,0.213846,0
cifar100_4agent_25cls_hetero4arch_ipc10_tune_ep060_fr020_kd050_t2,DSDM_LOGIT,dsdm,expert,true,false,direct,10,pipeline_social_results,4,10,,750,150000,0,17.055,68.22,29.5025,40.28,25.91,27.94,0.0475758,0.71882,0.287267,0.287267,0
cifar100_4agent_25cls_hetero4arch_ipc10_tune_ep060_fr020_kd060_t1,DSDM_LOGIT,dsdm,expert,true,false,direct,10,pipeline_social_results,4,10,,750,150000,0,17.055,68.22,27.2075,39.89,22.98,28.33,0.0797747,0.583322,0.112812,0.112812,0
cifar100_4agent_25cls_hetero4arch_ipc10_tune_ep060_fr020_kd060_t2,DSDM_LOGIT,dsdm,expert,true,false,direct,10,pipeline_social_results,4,10,,750,150000,0,17.055,68.22,29.3275,38.6,26.2367,29.62,0.0998087,0.778857,0.350324,0.350324,0
cifar100_4agent_25cls_hetero4arch_ipc10_tune_ep060_fr020_kd060_t2_latesched,DSDM_LOGIT,dsdm,expert,true,false,direct,10,pipeline_social_results,4,10,,750,150000,0,17.055,68.22,29.15,41.15,25.15,27.07,0.0797932,0.861652,0.249852,0.249852,0
cifar100_4agent_25cls_hetero4arch_ipc10_tune_ep060_fr020_kd060_t2_sched,DSDM_LOGIT,dsdm,expert,true,false,direct,10,pipeline_social_results,4,10,,750,150000,0,17.055,68.22,30.1425,40.29,26.76,27.93,0.0719933,0.453186,0.239223,0.239223,0
cifar100_4agent_25cls_hetero4arch_ipc10_tune_ep060_fr020_kd060_t2_sched_latesched,DSDM_LOGIT,dsdm,expert,true,false,direct,10,pipeline_social_results,4,10,,750,150000,0,17.055,68.22,30.0325,39.93,26.7333,28.29,0.0579697,0.412327,0.275124,0.275124,0
cifar100_4agent_25cls_hetero4arch_ipc10_tune_ep060_fr020_kd060_t2_sched_self15,DSDM_LOGIT,dsdm,expert,true,false,direct,10,pipeline_social_results,4,10,,750,150000,0,17.055,68.22,30.1175,41.43,26.3467,26.79,0.0559478,0.642435,0.21834,0.21834,0
cifar100_4agent_25cls_hetero4arch_ipc10_tune_ep060_fr020_kd060_t2_self15,DSDM_LOGIT,dsdm,expert,true,false,direct,10,pipeline_social_results,4,10,,750,150000,0,17.055,68.22,29.81,40.9,26.1133,27.32,0.10977,0.70059,0.333734,0.333734,0
cifar100_4agent_25cls_hetero4arch_ipc10_tune_ep060_fr020_kd060_t2_self20,DSDM_LOGIT,dsdm,expert,true,false,direct,10,pipeline_social_results,4,10,,750,150000,0,17.055,68.22,29.6925,40.5,26.09,27.72,0.0432545,0.591754,0.228363,0.228363,0
cifar100_4agent_25cls_hetero4arch_ipc10_tune_ep060_fr020_kd060_t3,DSDM_LOGIT,dsdm,expert,true,false,direct,10,pipeline_social_results,4,10,,750,150000,0,17.055,68.22,30.1475,38.31,27.4267,29.91,0.0677062,0.783845,0.44931,0.44931,0
cifar100_4agent_25cls_hetero4arch_ipc10_tune_ep060_fr020_kd060_t3_sched,DSDM_LOGIT,dsdm,expert,true,false,direct,10,pipeline_social_results,4,10,,750,150000,0,17.055,68.22,30.725,39.11,27.93,29.11,0.0803393,0.602494,0.463569,0.463569,0
cifar100_4agent_25cls_hetero4arch_ipc10_tune_ep060_fr020_kd060_t4,DSDM_LOGIT,dsdm,expert,true,false,direct,10,pipeline_social_results,4,10,,750,150000,0,17.055,68.22,29.97,37.54,27.4467,30.68,0.0783523,0.70971,0.533571,0.533571,0
cifar100_4agent_25cls_hetero4arch_ipc10_tune_ep060_fr020_kd070_t3,DSDM_LOGIT,dsdm,expert,true,false,direct,10,pipeline_social_results,4,10,,750,150000,0,17.055,68.22,30.135,37.74,27.6,30.48,0.0667594,0.777293,0.425927,0.425927,0
cifar100_4agent_25cls_hetero4arch_ipc10_tune_ep060_fr025_kd050_t2,DSDM_LOGIT,dsdm,expert,true,false,direct,10,pipeline_social_results,4,10,,750,150000,0,17.055,68.22,29.16,38.58,26.02,29.64,0.067234,0.832551,0.307406,0.307406,0
cifar100_4agent_25cls_hetero4arch_ipc10_tune_ep060_fr025_kd060_t2,DSDM_LOGIT,dsdm,expert,true,false,direct,10,pipeline_social_results,4,10,,750,150000,0,17.055,68.22,29.325,39.54,25.92,28.68,0.0506608,0.507404,0.214407,0.214407,0
cifar100_4agent_25cls_hetero4arch_ipc10_tune_ep060_fr030_kd060_t2,DSDM_LOGIT,dsdm,expert,true,false,direct,10,pipeline_social_results,4,10,,750,150000,0,17.055,68.22,29.3375,39.38,25.99,28.84,0.109813,0.969187,0.300098,0.300098,0
cifar100_4agent_25cls_hetero4arch_ipc10_tune_ep065_fr020_kd060_t2,DSDM_LOGIT,dsdm,expert,true,false,direct,10,pipeline_social_results,4,10,,750,150000,0,17.055,68.22,29.5525,39.38,26.2767,28.84,0.078293,0.688,0.196429,0.196429,0
cifar100_4agent_25cls_hetero4arch_ipc10_vgg_selfreal_A_lr0p005_fr0p30_kd0p50_t3_selfreal_w2p0,DSDM_LOGIT,dsdm,expert,true,false,direct,10,pipeline_social_results,1,10,12500,750,150000,0,16.08,64.32,20.39,66.04,5.17333,-1.72,0.0250607,5.02519,0.405885,0.405885,0
cifar100_4agent_25cls_hetero4arch_ipc10_vgg_selfreal_E_p40_lr0p005_fr0p20_kd0p60_t3_selfreal_w1p0,DSDM_LOGIT,dsdm,expert,true,false,direct,10,pipeline_social_results,1,10,1000,750,150000,0,16.08,64.32,25.62,51.08,17.1333,13.24,0.100899,0.98578,0.665737,0.665737,0
cifar100_4agent_25cls_hetero4arch_ipc10_vgg_selfreal_H_p10_lr0p005_fr0p20_kd0p60_t3_selfreal_w1p0,DSDM_LOGIT,dsdm,expert,true,false,direct,10,pipeline_social_results,1,10,250,750,150000,0,16.08,64.32,25.87,29.12,24.7867,35.2,0.0407085,1.48421,0.602713,0.602713,0
cifar100_4agent_25cls_hetero4arch_ipc10_vgg_selfreal_I_p20_lr0p005_fr0p20_kd0p60_t3_selfreal_w1p0,DSDM_LOGIT,dsdm,expert,true,false,direct,10,pipeline_social_results,1,10,500,750,150000,0,16.08,64.32,26.29,41.52,21.2133,22.8,0.0834625,1.09951,0.694752,0.694752,0
cifar100_4agent_25cls_hetero4arch_ipc50_fullreal_eval_20260707_1032,FULL_REAL,full_real,expert,false,false,direct,50,pipeline_social_results,2,50,,37500,0,0,17.185,68.74,48.775,50.76,48.1133,17.98,0.181248,1.85218,0,0,0
cifar100_4agent_25cls_hetero4arch_ipc50_heuristic_eval_20260707_1032,HEURISTIC_LOGIT,heuristic,expert,true,false,direct,50,pipeline_social_results,4,50,,3750,187500,0,17.0275,68.11,36.2825,41.79,34.4467,26.32,0.0161816,1.34816,0.146634,0.146634,0
cifar100_4agent_25cls_hetero4arch_ipc50_midpacket_eval_20260707_0825,DSDM_LOGIT,dsdm,expert,true,false,direct,50,pipeline_social_results,4,50,,3750,750000,0,17.0275,68.11,37.055,36.04,37.3933,32.07,0.08155,1.0081,0.275328,0.275328,0
cifar100_4agent_25cls_hetero_receiver_tuning_ipc50_ep150_lr0010_fr005_kd050_t2,DSDM_LOGIT,dsdm,expert,true,false,direct,50,pipeline_social_results,4,50,,3750,750000,0,15.77,63.08,28.7175,34.72,26.7167,28.36,0.135312,0.710458,0.324404,0.324404,0
cifar100_4agent_25cls_hetero_receiver_tuning_ipc50_ep200_lr0010_fr005_kd050_t2,DSDM_LOGIT,dsdm,expert,true,false,direct,50,pipeline_social_results,4,50,,3750,750000,0,15.77,63.08,28.245,34.81,26.0567,28.27,0.144891,0.690002,0.353219,0.353219,0
cifar100_4agent_25cls_hetero_recv_convall_packet_ipc50_ep225_fr005_kd050_t2,DSDM_LOGIT,dsdm,expert,true,false,direct,50,pipeline_social_results,4,50,,3750,750000,0,15.77,63.08,38.3475,42.02,37.1233,21.06,0.102429,0.613385,0.237148,0.237148,0
cifar100_4agent_25cls_ipc50_allconvnet,DSDM_LOGIT,dsdm,expert,true,false,direct,50,pipeline_social_results,4,50,,3750,750000,0,16.3425,65.37,45.1775,49.5,43.7367,15.87,0.0519516,0.442144,0.106521,0.0480795,0
cifar100_4agent_25cls_ipc50_allconvnet-conv70,DSDM_LOGIT,dsdm,expert,true,false,direct,50,pipeline_social_results,4,50,,3750,750000,0,16.45,65.8,44.5725,48.44,43.2833,17.36,0.0582605,0.438071,0.117968,0.0658127,0
cifar100_4agent_25cls_ipc50_allconvnet_baseline_nologit,FULL_REAL,full_real,expert,false,false,direct,50,pipeline_social_results,4,50,,37500,0,0,16.3425,65.37,46.0375,47.87,45.4267,17.5,0.154552,0.859897,0,0,0
cifar100_4agent_25cls_ipc50_allconvnet_baseline_nologit,HEURISTIC,heuristic,expert,false,false,direct,50,pipeline_social_results,4,50,,3750,0,0,16.3425,65.37,35.39,49.74,30.6067,15.63,0.0146118,0.0756102,0,0,0
cifar100_4agent_25cls_ipc50_allconvnet_cov70_baseline_nologit,FULL_REAL,full_real,expert,false,false,direct,50,pipeline_social_results,4,50,,37500,0,0,16.45,65.8,46.5875,47.82,46.1767,17.98,0.105523,0.857912,0,0,0
cifar100_4agent_25cls_ipc50_allconvnet_cov70_baseline_nologit,HEURISTIC,heuristic,expert,false,false,direct,50,pipeline_social_results,4,50,,3750,0,0,16.45,65.8,34.965,49.71,30.05,16.09,0.0178118,0.0611306,0,0,0
cifar100_4agent_25cls_ipc50_logit,DSDM_LOGIT,dsdm,expert,true,,,50,pipeline_social_results,4,50,,3750,750000,,15.77,63.08,27.9625,35.55,25.4333,27.53,0.116694,0.533537,0.256024,,
cifar100_4agent_25cls_ipc50_logit,DSDM_LOGIT,dsdm,scratch,true,,,50,pipeline_social_results,4,50,,3750,750000,,1.02,1.02,24.375,28.11,23.13,-27.09,0.126244,0,0.269066,,
cifar100_4agent_25cls_ipc50_logit,HEURISTIC_LOGIT,heuristic,expert,true,,,50,pipeline_social_results,4,50,,3750,187500,,15.77,63.08,30.2475,37.21,27.9267,25.87,0.0709278,0.0625566,0.167871,,
cifar100_4agent_25cls_ipc50_logit,IMPORTANCE_LOGIT,importance,expert,true,,,50,pipeline_social_results,4,50,,3750,187500,,15.77,63.08,18.29,32.91,13.4167,30.17,0.136562,0.382817,0.258903,,
cifar100_4agent_25cls_joint_tuning_ipc10_ep075_fr020_kd050,DSDM_LOGIT,dsdm,expert,true,false,direct,10,pipeline_social_results,4,10,,750,150000,0,16.785,67.14,33.575,43.8,30.1667,23.34,0.0535904,0.0913341,0.108239,0.108239,0
cifar100_4agent_25cls_joint_tuning_ipc10_ep100_fr020_kd040,DSDM_LOGIT,dsdm,expert,true,false,direct,10,pipeline_social_results,4,10,,750,150000,0,16.785,67.14,33.09,43.57,29.5967,23.57,0.036956,0.10628,0.175695,0.175695,0
cifar100_4agent_25cls_joint_tuning_ipc10_ep100_fr020_kd060,DSDM_LOGIT,dsdm,expert,true,false,direct,10,pipeline_social_results,4,10,,750,150000,0,16.785,67.14,33.4275,43.8,29.97,23.34,0.0662409,0.124003,0.114458,0.114458,0
cifar100_4agent_25cls_joint_tuning_ipc10_ep125_fr020_kd050,DSDM_LOGIT,dsdm,expert,true,false,direct,10,pipeline_social_results,4,10,,750,150000,0,16.785,67.14,33.24,43.77,29.73,23.37,0.0566633,0.130694,0.124886,0.124886,0
cifar100_4agent_25cls_joint_tuning_ipc50_ep300_fr005_kd050,DSDM_LOGIT,dsdm,expert,true,false,direct,50,pipeline_social_results,4,50,,3750,750000,0,16.3425,65.37,46.1625,49,45.2167,16.37,0.0528397,0.488836,0.104137,0.104137,0
cifar100_4agent_25cls_joint_tuning_ipc50_ep500_fr003_kd050,DSDM_LOGIT,dsdm,expert,true,false,direct,50,pipeline_social_results,4,50,,3750,750000,0,16.3425,65.37,45.3125,49.54,43.9033,15.83,0.0439915,0.567763,0.0900995,0.0900995,0
cifar100_4agent_25cls_joint_tuning_ipc50_ep500_fr0075_kd050,DSDM_LOGIT,dsdm,expert,true,false,direct,50,pipeline_social_results,4,50,,3750,750000,0,16.3425,65.37,45.4075,49.46,44.0567,15.91,0.0577363,0.29013,0.0938445,0.0938445,0
cifar100_4agent_25cls_joint_tuning_ipc50_ep700_fr005_kd050,DSDM_LOGIT,dsdm,expert,true,false,direct,50,pipeline_social_results,4,50,,3750,750000,0,16.3425,65.37,44.6375,49.84,42.9033,15.53,0.0580272,0.403063,0.10508,0.10508,0
cifar100_4agent_25cls_refine_tuning_followup_ipc10_ep050_fr020_kd050,DSDM_LOGIT,dsdm,expert,true,false,direct,10,pipeline_social_results,4,10,,750,150000,0,16.785,67.14,34.035,44.21,30.6433,22.93,0.0448165,0.0809812,0.124643,0.124643,0
cifar100_4agent_25cls_refine_tuning_followup_ipc10_ep055_fr020_kd060_t2,DSDM_LOGIT,dsdm,expert,true,false,direct,10,pipeline_social_results,4,10,,750,150000,0,16.785,67.14,34.2475,43.84,31.05,23.3,0.0513368,0.114788,0.0942288,0.0942288,0
cifar100_4agent_25cls_refine_tuning_followup_ipc10_ep060_fr015_kd050,DSDM_LOGIT,dsdm,expert,true,false,direct,10,pipeline_social_results,4,10,,750,150000,0,16.785,67.14,33.76,43.49,30.5167,23.65,0.0504798,0.0978312,0.133534,0.133534,0
cifar100_4agent_25cls_refine_tuning_followup_ipc10_ep060_fr020_kd060,DSDM_LOGIT,dsdm,expert,true,false,direct,10,pipeline_social_results,4,10,,750,150000,0,16.785,67.14,34.1825,43.57,31.0533,23.57,0.0479058,0.0849088,0.118226,0.118226,0
cifar100_4agent_25cls_refine_tuning_followup_ipc10_ep060_fr020_kd060_t1,DSDM_LOGIT,dsdm,expert,true,false,direct,10,pipeline_social_results,4,10,,750,150000,0,16.785,67.14,32.3325,44.97,28.12,22.17,0.0463285,0.103977,0.0327828,0.0327828,0
cifar100_4agent_25cls_refine_tuning_followup_ipc10_ep060_fr020_kd060_t2_latesched,DSDM_LOGIT,dsdm,expert,true,false,direct,10,pipeline_social_results,4,10,,750,150000,0,16.785,67.14,34.135,44.41,30.71,22.73,0.0590363,0.0945602,0.141872,0.141872,0
cifar100_4agent_25cls_refine_tuning_followup_ipc10_ep060_fr020_kd060_t2_sched,DSDM_LOGIT,dsdm,expert,true,false,direct,10,pipeline_social_results,4,10,,750,150000,0,16.785,67.14,34.48,44.39,31.1767,22.75,0.0542013,0.0698028,0.107135,0.107135,0
cifar100_4agent_25cls_refine_tuning_followup_ipc10_ep060_fr020_kd060_t2_sched_latesched,DSDM_LOGIT,dsdm,expert,true,false,direct,10,pipeline_social_results,4,10,,750,150000,0,16.785,67.14,34.6775,44.47,31.4133,22.67,0.052796,0.053431,0.134551,0.134551,0
cifar100_4agent_25cls_refine_tuning_followup_ipc10_ep060_fr020_kd060_t2_sched_self15,DSDM_LOGIT,dsdm,expert,true,false,direct,10,pipeline_social_results,4,10,,750,150000,0,16.785,67.14,34.4275,45.38,30.7767,21.76,0.0554896,0.0449032,0.127127,0.127127,0
cifar100_4agent_25cls_refine_tuning_followup_ipc10_ep060_fr020_kd060_t2_self15,DSDM_LOGIT,dsdm,expert,true,false,direct,10,pipeline_social_results,4,10,,750,150000,0,16.785,67.14,34.1175,45.63,30.28,21.51,0.0526914,0.0942778,0.123875,0.123875,0
cifar100_4agent_25cls_refine_tuning_followup_ipc10_ep060_fr020_kd060_t2_self20,DSDM_LOGIT,dsdm,expert,true,false,direct,10,pipeline_social_results,4,10,,750,150000,0,16.785,67.14,34.3125,46.14,30.37,21,0.0618937,0.111272,0.16311,0.16311,0
cifar100_4agent_25cls_refine_tuning_followup_ipc10_ep060_fr020_kd060_t3,DSDM_LOGIT,dsdm,expert,true,false,direct,10,pipeline_social_results,4,10,,750,150000,0,16.785,67.14,34.4075,42.98,31.55,24.16,0.0596819,0.134381,0.170652,0.170652,0
cifar100_4agent_25cls_refine_tuning_followup_ipc10_ep060_fr020_kd060_t3_sched,DSDM_LOGIT,dsdm,expert,true,false,direct,10,pipeline_social_results,4,10,,750,150000,0,16.785,67.14,35.0275,43.24,32.29,23.9,0.0486608,0.0715732,0.165855,0.165855,0
cifar100_4agent_25cls_refine_tuning_followup_ipc10_ep060_fr020_kd060_t4,DSDM_LOGIT,dsdm,expert,true,false,direct,10,pipeline_social_results,4,10,,750,150000,0,16.785,67.14,34.5975,43.31,31.6933,23.83,0.0581995,0.130785,0.186811,0.186811,0
cifar100_4agent_25cls_refine_tuning_followup_ipc10_ep060_fr020_kd070_t3,DSDM_LOGIT,dsdm,expert,true,false,direct,10,pipeline_social_results,4,10,,750,150000,0,16.785,67.14,34.515,42.74,31.7733,24.4,0.0514635,0.119741,0.152459,0.152459,0
cifar100_4agent_25cls_refine_tuning_followup_ipc10_ep060_fr025_kd050,DSDM_LOGIT,dsdm,expert,true,false,direct,10,pipeline_social_results,4,10,,750,150000,0,16.785,67.14,33.6825,44.22,30.17,22.92,0.0469024,0.0850751,0.126883,0.126883,0
cifar100_4agent_25cls_refine_tuning_followup_ipc10_ep060_fr025_kd060_t2,DSDM_LOGIT,dsdm,expert,true,false,direct,10,pipeline_social_results,4,10,,750,150000,0,16.785,67.14,34.0825,43.84,30.83,23.3,0.0655247,0.114795,0.125292,0.125292,0
cifar100_4agent_25cls_refine_tuning_followup_ipc10_ep060_fr030_kd060_t2,DSDM_LOGIT,dsdm,expert,true,false,direct,10,pipeline_social_results,4,10,,750,150000,0,16.785,67.14,34.02,44.06,30.6733,23.08,0.0531084,0.0772835,0.112772,0.112772,0
cifar100_4agent_25cls_refine_tuning_followup_ipc10_ep065_fr020_kd060_t2,DSDM_LOGIT,dsdm,expert,true,false,direct,10,pipeline_social_results,4,10,,750,150000,0,16.785,67.14,33.75,43.64,30.4533,23.5,0.0827735,0.105017,0.172112,0.172112,0
cifar100_4agent_25cls_refine_tuning_followup_ipc50_ep225_fr005_kd050,DSDM_LOGIT,dsdm,expert,true,false,direct,50,pipeline_social_results,4,50,,3750,750000,0,16.3425,65.37,46.23,47.94,45.66,17.43,0.0503468,0.630691,0.105403,0.105403,0
cifar100_4agent_25cls_refine_tuning_followup_ipc50_ep250_fr004_kd050,DSDM_LOGIT,dsdm,expert,true,false,direct,50,pipeline_social_results,4,50,,3750,750000,0,16.3425,65.37,46.23,48.21,45.57,17.16,0.0744106,0.631617,0.13977,0.13977,0
cifar100_4agent_25cls_refine_tuning_followup_ipc50_ep250_fr006_kd050,DSDM_LOGIT,dsdm,expert,true,false,direct,50,pipeline_social_results,4,50,,3750,750000,0,16.3425,65.37,46.1475,48.45,45.38,16.92,0.066939,0.422047,0.119005,0.119005,0
cifar100_4agent_25cls_refine_tuning_followup_ipc50_ep275_fr005_kd050,DSDM_LOGIT,dsdm,expert,true,false,direct,50,pipeline_social_results,4,50,,3750,750000,0,16.3425,65.37,46.1275,48.8,45.2367,16.57,0.0758998,0.484738,0.124107,0.124107,0
cifar100_4agent_25cls_refine_tuning_ipc10_ep060_fr020_kd050,DSDM_LOGIT,dsdm,expert,true,false,direct,10,pipeline_social_results,4,10,,750,150000,0,16.785,67.14,33.905,44.25,30.4567,22.89,0.0646751,0.0971322,0.137922,0.137922,0
cifar100_4agent_25cls_refine_tuning_ipc10_ep090_fr020_kd050,DSDM_LOGIT,dsdm,expert,true,false,direct,10,pipeline_social_results,4,10,,750,150000,0,16.785,67.14,33.4275,44.3,29.8033,22.84,0.0556559,0.0966384,0.125608,0.125608,0
cifar100_4agent_25cls_refine_tuning_ipc50_ep250_fr005_kd050,DSDM_LOGIT,dsdm,expert,true,false,direct,50,pipeline_social_results,4,50,,3750,750000,0,16.3425,65.37,46.1825,48.39,45.4467,16.98,0.0572539,0.524075,0.124156,0.124156,0
cifar100_4agent_25cls_refine_tuning_ipc50_ep300_fr005_kd040,DSDM_LOGIT,dsdm,expert,true,false,direct,50,pipeline_social_results,4,50,,3750,750000,0,16.3425,65.37,45.9425,49.22,44.85,16.15,0.0577055,0.471554,0.131715,0.131715,0
cifar100_4agent_25cls_refine_tuning_ipc50_ep300_fr005_kd060,DSDM_LOGIT,dsdm,expert,true,false,direct,50,pipeline_social_results,4,50,,3750,750000,0,16.3425,65.37,46.035,48.41,45.2433,16.96,0.076449,0.508471,0.10486,0.10486,0
cifar100_4agent_25cls_refine_tuning_ipc50_ep350_fr005_kd050,DSDM_LOGIT,dsdm,expert,true,false,direct,50,pipeline_social_results,4,50,,3750,750000,0,16.3425,65.37,45.9125,49.18,44.8233,16.19,0.065084,0.433748,0.112353,0.112353,0
cifar100_4agent_25cls_upper_bound,FULL_REAL,full_real,expert,false,,,10,pipeline_social_results,4,10,,37500,0,,15.77,63.08,41.7375,45.19,40.5867,17.89,0.0421689,0.573107,0,,
legacy_cifar100_excel_summary,DSDM,dsdm,,,,,,legacy_excel_summary,4,,,,,,,,25.86,36.75,22.23,,,,,,
legacy_cifar100_excel_summary,DSDM FROM NEW AGENT,dsdm from new agent,,,,,,legacy_excel_summary,4,,,,,,,,21.575,25.03,20.4225,,,,,,
legacy_cifar100_excel_summary,DSDM+LOGITS,dsdm+logits,,,,,,legacy_excel_summary,4,,,,,,,,27.9625,35.55,25.4333,,,,,,
legacy_cifar100_excel_summary,HEURISTIC_LOGIT,heuristic_logit,,,,,,legacy_excel_summary,4,,,,,,,,30.2475,37.21,27.925,,,,,,
legacy_cifar100_excel_summary,IMPORTANCE_LOGIT,importance_logit,,,,,,legacy_excel_summary,4,,,,,,,,18.29,32.91,13.4175,,,,,,
