id,title,agent_count,comparability_group,object,unique_images,image_deliveries,aux_kind,aux_bytes,reported_rounds,executed_rounds,executed_aux_bytes,note,source_files
iclr2027_ours_5agent_ipc10,Ours,5,iclr2027_5agent_ipc10_image_budget,Synthetic image packets + sender-local logits,1000,4000,sender logits,640000,1,1,640000,,"[""outputs/cifar100_5agent20cls_dkp_r02_full_steps3780_ipc10_seed1_v1/metrics/scaling_seed_summary.json"", ""outputs/cifar100_5agent20cls_dkp_r02_full_steps3780_ipc10_seed2_v1/metrics/scaling_seed_summary.json"", ""outputs/cifar100_5agent20cls_dkp_r02_full_steps3780_ipc10_seed3_v1/metrics/scaling_seed_summary.json""]"
iclr2027_ours_10agent_ipc10,Ours,10,iclr2027_10agent_ipc10_image_budget,Synthetic image packets + sender-local logits,1000,9000,sender logits,720000,1,1,720000,,"[""outputs/cifar100_10agent10cls_dkp_r02_full_steps3780_ipc10_seed1_v1/metrics/scaling_seed_summary.json"", ""outputs/cifar100_10agent10cls_dkp_r02_full_steps3780_ipc10_seed2_v1/metrics/scaling_seed_summary.json"", ""outputs/cifar100_10agent10cls_dkp_r02_full_steps3780_ipc10_seed3_v1/metrics/scaling_seed_summary.json""]"
iclr2027_ours_20agent_ipc10,Ours,20,iclr2027_20agent_ipc10_image_budget,Synthetic image packets + sender-local logits,1000,19000,sender logits,760000,1,1,760000,,"[""outputs/cifar100_20agent5cls_dkp_r02_full_steps3780_ipc10_seed1_v1/metrics/scaling_seed_summary.json"", ""outputs/cifar100_20agent5cls_dkp_r02_full_steps3780_ipc10_seed2_v1/metrics/scaling_seed_summary.json"", ""outputs/cifar100_20agent5cls_dkp_r02_full_steps3780_ipc10_seed3_v1/metrics/scaling_seed_summary.json""]"
iclr2027_heuristic_5agent_ipc10,Heuristic,5,iclr2027_5agent_ipc10_image_budget,Random real image packets + hard labels,1000,4000,none,0,1,1,0,,"[""outputs/cifar100_5agent20cls_heuristic_hard_r02_steps3780_ipc10_seed1_v1/metrics/hard_label_complete_audit.json"", ""outputs/cifar100_5agent20cls_heuristic_hard_r02_steps3780_ipc10_seed2_v1/metrics/hard_label_complete_audit.json"", ""outputs/cifar100_5agent20cls_heuristic_hard_r02_steps3780_ipc10_seed3_v1/metrics/hard_label_complete_audit.json""]"
iclr2027_heuristic_10agent_ipc10,Heuristic,10,iclr2027_10agent_ipc10_image_budget,Random real image packets + hard labels,1000,9000,none,0,1,1,0,,"[""outputs/cifar100_10agent10cls_heuristic_hard_r02_steps3780_ipc10_seed1_v1/metrics/hard_label_complete_audit.json"", ""outputs/cifar100_10agent10cls_heuristic_hard_r02_steps3780_ipc10_seed2_v1/metrics/hard_label_complete_audit.json"", ""outputs/cifar100_10agent10cls_heuristic_hard_r02_steps3780_ipc10_seed3_v1/metrics/hard_label_complete_audit.json""]"
iclr2027_heuristic_20agent_ipc10,Heuristic,20,iclr2027_20agent_ipc10_image_budget,Random real image packets + hard labels,1000,19000,none,0,1,1,0,,"[""outputs/cifar100_20agent5cls_heuristic_hard_r02_steps3780_ipc10_seed1_v1/metrics/hard_label_complete_audit.json"", ""outputs/cifar100_20agent5cls_heuristic_hard_r02_steps3780_ipc10_seed2_v1/metrics/hard_label_complete_audit.json"", ""outputs/cifar100_20agent5cls_heuristic_hard_r02_steps3780_ipc10_seed3_v1/metrics/hard_label_complete_audit.json""]"
iclr2027_fast_5agent_ipc10,FAST,5,iclr2027_5agent_ipc10_image_budget,FAST-selected real image packets + hard labels,1000,4000,none,0,1,1,0,,"[""outputs/cifar100_5agent20cls_fast_hard_r02_steps3780_ipc10_seed1_v1/metrics/hard_label_complete_audit.json"", ""outputs/cifar100_5agent20cls_fast_hard_r02_steps3780_ipc10_seed2_v1/metrics/hard_label_complete_audit.json"", ""outputs/cifar100_5agent20cls_fast_hard_r02_steps3780_ipc10_seed3_v1/metrics/hard_label_complete_audit.json""]"
iclr2027_fast_10agent_ipc10,FAST,10,iclr2027_10agent_ipc10_image_budget,FAST-selected real image packets + hard labels,1000,9000,none,0,1,1,0,,"[""outputs/cifar100_10agent10cls_fast_hard_r02_steps3780_ipc10_seed1_v1/metrics/hard_label_complete_audit.json"", ""outputs/cifar100_10agent10cls_fast_hard_r02_steps3780_ipc10_seed2_v1/metrics/hard_label_complete_audit.json"", ""outputs/cifar100_10agent10cls_fast_hard_r02_steps3780_ipc10_seed3_v1/metrics/hard_label_complete_audit.json""]"
iclr2027_fast_20agent_ipc10,FAST,20,iclr2027_20agent_ipc10_image_budget,FAST-selected real image packets + hard labels,1000,19000,none,0,1,1,0,,"[""outputs/cifar100_20agent5cls_fast_hard_r02_steps3780_ipc10_seed1_v1/metrics/hard_label_complete_audit.json"", ""outputs/cifar100_20agent5cls_fast_hard_r02_steps3780_ipc10_seed2_v1/metrics/hard_label_complete_audit.json"", ""outputs/cifar100_20agent5cls_fast_hard_r02_steps3780_ipc10_seed3_v1/metrics/hard_label_complete_audit.json""]"
iclr2027_full_real_5agent,Full Real,5,iclr2027_5agent_full_data,Full real-data image packets + hard labels,50000,200000,none,0,1,1,0,,"[""outputs/cifar100_5agent20cls_full_real_r02_steps3780_seed1_v1/metrics/hard_label_complete_audit.json"", ""outputs/cifar100_5agent20cls_full_real_r02_steps3780_seed2_v1/metrics/hard_label_complete_audit.json"", ""outputs/cifar100_5agent20cls_full_real_r02_steps3780_seed3_v1/metrics/hard_label_complete_audit.json""]"
iclr2027_desa_5agent_ipc10,DeSA-CIL,5,iclr2027_5agent_desa_adapted,Synthetic anchors + iterative owner logits,1000,4000,owner logits,32000000,100,100,32000000,,"[""external_baselines/outputs/desa_scaling/cifar100_5agent20cls_dkp_cosine_experts_seed1_v1/complete_audit.json"", ""external_baselines/outputs/desa_scaling/cifar100_5agent20cls_dkp_cosine_experts_seed2_v1/complete_audit.json"", ""external_baselines/outputs/desa_scaling/cifar100_5agent20cls_dkp_cosine_experts_seed3_v1/complete_audit.json""]"
iclr2027_desa_10agent_ipc10,DeSA-CIL,10,iclr2027_10agent_desa_adapted,Synthetic anchors + iterative owner logits,1000,9000,owner logits,36000000,100,100,36000000,,"[""external_baselines/outputs/desa_scaling/cifar100_10agent10cls_dkp_cosine_experts_seed1_v1/complete_audit.json"", ""external_baselines/outputs/desa_scaling/cifar100_10agent10cls_dkp_cosine_experts_seed2_v1/complete_audit.json"", ""external_baselines/outputs/desa_scaling/cifar100_10agent10cls_dkp_cosine_experts_seed3_v1/complete_audit.json""]"
iclr2027_desa_20agent_ipc10,DeSA-CIL,20,iclr2027_20agent_desa_adapted,Synthetic anchors + iterative owner logits,1000,19000,owner logits,38000000,100,100,38000000,,"[""external_baselines/outputs/desa_scaling/cifar100_20agent5cls_dkp_cosine_experts_seed1_v1/complete_audit.json"", ""external_baselines/outputs/desa_scaling/cifar100_20agent5cls_dkp_cosine_experts_seed2_v1/complete_audit.json"", ""external_baselines/outputs/desa_scaling/cifar100_20agent5cls_dkp_cosine_experts_seed3_v1/complete_audit.json""]"
iclr2027_masc_5agent_ipc10,MASC-complete,5,iclr2027_5agent_masc_adapted,Central real CC pool + expert/student parameters,1000,,model parameters,598687920,1,1,598687920,,"[""external_baselines/outputs/masc_scaling/cifar100_5agent20cls_dkp_cosine_experts_seed1_v1_masc_homogeneous_10/complete_audit.json"", ""external_baselines/outputs/masc_scaling/cifar100_5agent20cls_dkp_cosine_experts_seed2_v1_masc_homogeneous_10/complete_audit.json"", ""external_baselines/outputs/masc_scaling/cifar100_5agent20cls_dkp_cosine_experts_seed3_v1_masc_homogeneous_10/complete_audit.json""]"
iclr2027_masc_10agent_ipc10,MASC-complete,10,iclr2027_10agent_masc_adapted,Central real CC pool + expert/student parameters,1000,,model parameters,1532858240,1,1,1532858240,,"[""external_baselines/outputs/masc_scaling/cifar100_10agent10cls_dkp_cosine_experts_seed1_v1_masc_homogeneous_10/complete_audit.json"", ""external_baselines/outputs/masc_scaling/cifar100_10agent10cls_dkp_cosine_experts_seed2_v1_masc_homogeneous_10/complete_audit.json"", ""external_baselines/outputs/masc_scaling/cifar100_10agent10cls_dkp_cosine_experts_seed3_v1_masc_homogeneous_10/complete_audit.json""]"
iclr2027_masc_20agent_ipc10,MASC-complete,20,iclr2027_20agent_masc_adapted,Central real CC pool + expert/student parameters,1000,,model parameters,4407646080,1,1,4407646080,,"[""external_baselines/outputs/masc_scaling/cifar100_20agent5cls_dkp_cosine_experts_seed1_v1_masc_homogeneous_10/complete_audit.json"", ""external_baselines/outputs/masc_scaling/cifar100_20agent5cls_dkp_cosine_experts_seed2_v1_masc_homogeneous_10/complete_audit.json"", ""external_baselines/outputs/masc_scaling/cifar100_20agent5cls_dkp_cosine_experts_seed3_v1_masc_homogeneous_10/complete_audit.json""]"
iclr2027_fedre_5agent,FedRE,5,iclr2027_5agent_fedre_native,Shared head + entangled representations + mixture metadata,0,0,parameters/representations,103744000,100,101,104781440,Paper value stops at the round-100 checkpoint; the official post-checkpoint update is provenance-only.,"[""external_baselines/outputs/fedre_scaling/cifar100_5agent20cls_dkp_cosine_experts_seed1_v1_fedre/summary.json"", ""external_baselines/outputs/fedre_scaling/cifar100_5agent20cls_dkp_cosine_experts_seed2_v1_fedre/summary.json"", ""external_baselines/outputs/fedre_scaling/cifar100_5agent20cls_dkp_cosine_experts_seed3_v1_fedre/summary.json""]"
iclr2027_fedre_10agent,FedRE,10,iclr2027_10agent_fedre_native,Shared head + entangled representations + mixture metadata,0,0,parameters/representations,207368000,100,101,209441680,Paper value stops at the round-100 checkpoint; the official post-checkpoint update is provenance-only.,"[""external_baselines/outputs/fedre_scaling/cifar100_10agent10cls_dkp_cosine_experts_seed1_v1_fedre/summary.json"", ""external_baselines/outputs/fedre_scaling/cifar100_10agent10cls_dkp_cosine_experts_seed2_v1_fedre/summary.json"", ""external_baselines/outputs/fedre_scaling/cifar100_10agent10cls_dkp_cosine_experts_seed3_v1_fedre/summary.json""]"
iclr2027_fedre_20agent,FedRE,20,iclr2027_20agent_fedre_native,Shared head + entangled representations + mixture metadata,0,0,parameters/representations,414616000,100,101,418762160,Paper value stops at the round-100 checkpoint; the official post-checkpoint update is provenance-only.,"[""external_baselines/outputs/fedre_scaling/cifar100_20agent5cls_dkp_cosine_experts_seed1_v1_fedre/summary.json"", ""external_baselines/outputs/fedre_scaling/cifar100_20agent5cls_dkp_cosine_experts_seed2_v1_fedre/summary.json"", ""external_baselines/outputs/fedre_scaling/cifar100_20agent5cls_dkp_cosine_experts_seed3_v1_fedre/summary.json""]"
